workload,toolchain,measured_pairs,allocated_bytes_median,allocated_bytes_q1,allocated_bytes_q3,peak_working_set_bytes_median,peak_working_set_bytes_q1,peak_working_set_bytes_q3,peak_private_commit_bytes_median,peak_private_commit_bytes_q1,peak_private_commit_bytes_q3,gen0_median,gen0_q1,gen0_q3,gen1_median,gen1_q1,gen1_q3,gen2_median,gen2_q1,gen2_q3,cpu_ns_median,cpu_ns_q1,cpu_ns_q3,wall_ns_median,wall_ns_q1,wall_ns_q3
fsharp-core,sdk10,15,8130570984,8128126700,8150538520,695803904,674953216,710535168,729747456,722675712,744136704,82,82,85.5,29,28,29,8,8,9,33468750000,32796875000,34453125000,25297171100,24855237850,26381509950
fsharp-core,sdk11rc1,15,8054248784,8043104792,8065422068,803065856,784834560,813469696,838053888,820684800,867006464,101,95,106,25,24.5,26,7,7,7.5,33656250000,32640625000,34421875000,20549782400,20202553350,21299248000
fsharp-compiler-service,sdk10,15,37801116152,37794045356,37817256636,2469167104,2404036608,2550956032,2555838464,2496153600,2650415104,126,124.5,127.5,53,52,55,13,12,13,122734375000,122000000000,125367187500,74542276100,74328539450,76979552850
fsharp-compiler-service,sdk11rc1,15,34951959584,34943444248,34955761828,3285626880,3137988608,3341510656,3413798912,3247409152,3465879552,113,111,116,49,49,50.5,12,12,13.5,233671875000,232710937500,236562500000,39197625800,38667217450,40287641550
fstoolkit,sdk10,9,2377859736,2376104224,2378853968,558329856,556032000,565432320,617984000,591798272,718503936,36,36,36,13,13,13,8,8,8,13093750000,12937500000,13125000000,9125844800,8952795100,9328164100
fstoolkit,sdk11rc1,9,2099370384,2098892720,2099970168,555470848,537702400,563793920,591798272,554684416,634621952,37,36,38,17,17,18,10,10,10,12843750000,12718750000,13921875000,6681394800,6585009700,6896240300
oxpecker,sdk10,9,1233947200,1228360176,1237230672,414199808,412364800,414629888,369676288,368930816,374153216,29,29,29,12,12,12,6,6,6,6859375000,6765625000,6984375000,6025233600,6013709900,6167468800
oxpecker,sdk11rc1,9,759581904,757492904,760340768,355442688,344956928,361799680,324014080,305836032,338857984,22,22,22,12,12,12,6,6,6,4968750000,4953125000,5109375000,3580253200,3559078400,3629462900
nu,sdk10,15,15895800936,15876993468,15917027972,1317687296,1303427072,1384699904,1541165056,1509126144,1576501248,78,76,79,34,31,34,10,10,10.5,66125000000,64601562500,67312500000,42362692700,41462296800,43973337350
nu,sdk11rc1,15,14862700352,14856234564,14905361088,1472311296,1400432640,1489139712,1607270400,1591742464,1623478272,81,79,83,35,34.5,36,13,12,13,66468750000,64453125000,68718750000,35408628400,34494673450,36333901900
fsautocomplete,sdk10,9,6258568360,6255103184,6259588776,1054494720,1046290432,1069682688,1213300736,1197948928,1284251648,51,46,53,23,23,23,11,11,12,41531250000,40812500000,42250000000,17106718000,16759756200,17181100300
fsautocomplete,sdk11rc1,9,5676495480,5673485880,5676673472,1075716096,1045618688,1085218816,1196511232,1181691904,1214103552,49,48,49,25,24,25,12,11,12,37921875000,37031250000,38500000000,12683070500,12402691900,13039835800
