"number","author","title","merged_at","url","merge_commit","category","rc1_source_status","rc1_source_commit","attribution"
"20090","auduchinok","Import: Don't walk non-F# assemblies when labelling trait constraint sources","2026-08-12T08:30:10Z","https://github.com/dotnet/fsharp/pull/20090","623d80dc2655d64c865ae7458110f8095dd47dfe","metadata-and-ide-memory","ancestor","c251d06dc38db89fa6df30b0b17a233e0ffe403d","mechanism-only; no effect measured in this experiment"
"20088","auduchinok","Avoid per-instance lock object in InterruptibleLazy and DelayInitArrayMap","2026-08-12T12:03:33Z","https://github.com/dotnet/fsharp/pull/20088","29718dd942497eb4e0753777e8a8e104c9abf6e3","metadata-and-ide-memory","ancestor","c251d06dc38db89fa6df30b0b17a233e0ffe403d","mechanism-only; no effect measured in this experiment"
"20092","auduchinok","IL: add ILPreNamespace, make ILPreTypeDef creation lazy","2026-08-12T19:39:07Z","https://github.com/dotnet/fsharp/pull/20092","d3fab443a1cde90f68d9a272e7e776959936a84c","metadata-and-ide-memory","ancestor","c251d06dc38db89fa6df30b0b17a233e0ffe403d","mechanism-only; no effect measured in this experiment"
"20250","auduchinok","IL: fix leaking binary view","2026-08-13T13:42:49Z","https://github.com/dotnet/fsharp/pull/20250","6ac056a5ee3d3dc2ff11b83b2ee09c4e6eacfdd8","metadata-and-ide-memory","ancestor","c251d06dc38db89fa6df30b0b17a233e0ffe403d","mechanism-only; no effect measured in this experiment"
"20249","auduchinok","IL: use empty tables for members when possible","2026-08-13T15:20:36Z","https://github.com/dotnet/fsharp/pull/20249","e09605cdcf4e98fc1380a052b11694dcd8d747a7","metadata-and-ide-memory","ancestor","c251d06dc38db89fa6df30b0b17a233e0ffe403d","mechanism-only; no effect measured in this experiment"
"20254","auduchinok","IL: share ILCallingConv instances","2026-08-19T09:45:04Z","https://github.com/dotnet/fsharp/pull/20254","c01bfbd46e671721501c4d68db8f8576326cf815","metadata-and-ide-memory","ancestor","c251d06dc38db89fa6df30b0b17a233e0ffe403d","mechanism-only; no effect measured in this experiment"
"20256","auduchinok","IL: cache C# extension methods per CCU","2026-08-19T10:06:58Z","https://github.com/dotnet/fsharp/pull/20256","bc50d5e744eb1b8f7931d01cd06373f73c7abe19","metadata-and-ide-memory","ancestor","c251d06dc38db89fa6df30b0b17a233e0ffe403d","mechanism-only; no effect measured in this experiment"
"20244","T-Gro","Fix super-linear compilation of guarded shared-or active-pattern matches","2026-08-19T13:04:20Z","https://github.com/dotnet/fsharp/pull/20244","6b77e6cc133f48fc90035d25d86adf37e7993556","compilation-scaling","ancestor","c251d06dc38db89fa6df30b0b17a233e0ffe403d","mechanism-only; no effect measured in this experiment"
"20286","auduchinok","Make Entity's adhoc members list lazy","2026-08-20T10:11:52Z","https://github.com/dotnet/fsharp/pull/20286","ca730a61887fefd5ddca0a9c85f60efed047d1fd","metadata-and-ide-memory","ancestor","c251d06dc38db89fa6df30b0b17a233e0ffe403d","mechanism-only; no effect measured in this experiment"
"20301","auduchinok","IL: share the pickled references","2026-08-24T12:01:51Z","https://github.com/dotnet/fsharp/pull/20301","c1427e73e18fe3b09fc52215cad7549197d40f8a","metadata-and-ide-memory","ancestor","c251d06dc38db89fa6df30b0b17a233e0ffe403d","mechanism-only; no effect measured in this experiment"
"20298","auduchinok","Name resolution: group C#-style extension members per 'open' and extended type","2026-08-24T12:04:29Z","https://github.com/dotnet/fsharp/pull/20298","e10046541df5ca4341e260dde9dd44feadb6e732","metadata-and-ide-memory","ancestor","c251d06dc38db89fa6df30b0b17a233e0ffe403d","mechanism-only; no effect measured in this experiment"
"20259","auduchinok","IL: cache the ILTypeRef of a type def","2026-08-24T14:46:42Z","https://github.com/dotnet/fsharp/pull/20259","d8be66a022bb7a762daea3bd1bdab2468cf8795f","metadata-and-ide-memory","ancestor","c251d06dc38db89fa6df30b0b17a233e0ffe403d","mechanism-only; no effect measured in this experiment"
"20285","auduchinok","Calculate Entity.PublicPath instead of storing","2026-08-26T14:01:05Z","https://github.com/dotnet/fsharp/pull/20285","a04f7d66f6dff99e8a4ecc019a292c1449e68801","metadata-and-ide-memory","not-ancestor","c251d06dc38db89fa6df30b0b17a233e0ffe403d","mechanism-only; no effect measured in this experiment"
"20337","T-Gro","Replace the stringified pattern-match memo key with a typed one","2026-08-26T15:19:13Z","https://github.com/dotnet/fsharp/pull/20337","3402e3cbf9274ae779358dafb4bde2361e1489a6","compiler-allocation-and-work","not-ancestor","c251d06dc38db89fa6df30b0b17a233e0ffe403d","mechanism-only; no effect measured in this experiment"
"20255","auduchinok","IL: reuse the cached ILTypeRef in ILTypeInfo.FromType","2026-08-27T09:07:34Z","https://github.com/dotnet/fsharp/pull/20255","57375f68ee74696200c1da5e8063f89c2ee7a561","metadata-and-ide-memory","not-ancestor","c251d06dc38db89fa6df30b0b17a233e0ffe403d","mechanism-only; no effect measured in this experiment"
"20364","auduchinok","Unpickling: share one EntityRef per non-local reference row","2026-08-27T13:01:20Z","https://github.com/dotnet/fsharp/pull/20364","ef4f617829a82251e3472d37160181504949b7e7","metadata-and-ide-memory","not-ancestor","c251d06dc38db89fa6df30b0b17a233e0ffe403d","mechanism-only; no effect measured in this experiment"
"20296","auduchinok","Import: share assembly CCUs between projects","2026-08-27T22:19:12Z","https://github.com/dotnet/fsharp/pull/20296","e631ed7f4f210cb3dade65b1d6341bb7106e51bb","metadata-and-ide-memory","not-ancestor","c251d06dc38db89fa6df30b0b17a233e0ffe403d","mechanism-only; no effect measured in this experiment"
"20348","T-Gro","[MicroPerf] Four profiler-guided hot-path wins from self-build tracing","2026-08-28T13:45:06Z","https://github.com/dotnet/fsharp/pull/20348","7ea5992e9e104ff6b44a8c96c9cb9284e5e3df33","compiler-allocation-and-work","not-ancestor","c251d06dc38db89fa6df30b0b17a233e0ffe403d","mechanism-only; no effect measured in this experiment"
"20350","T-Gro","[MicroPerf] Avoid Choice allocation in fslib entity/val-ref equality","2026-08-28T14:23:09Z","https://github.com/dotnet/fsharp/pull/20350","a0656d10e1bcf88cc45d23f1083116b15567302f","compiler-allocation-and-work","not-ancestor","c251d06dc38db89fa6df30b0b17a233e0ffe403d","mechanism-only; no effect measured in this experiment"
"20351","T-Gro","[MicroPerf] Reduce Detuple usage-analysis allocation with a mutable Dictionary","2026-08-28T15:01:16Z","https://github.com/dotnet/fsharp/pull/20351","199945ab34433a3ec257e35e1fd30577a89ae350","compiler-allocation-and-work","not-ancestor","c251d06dc38db89fa6df30b0b17a233e0ffe403d","mechanism-only; no effect measured in this experiment"
"20354","T-Gro","[MicroPerf] Avoid redundant FreeVars record allocation for local vals","2026-08-31T13:06:36Z","https://github.com/dotnet/fsharp/pull/20354","88f0bfb471bd133a69ebe7be55a33f7cab8f176d","compiler-allocation-and-work","not-ancestor","c251d06dc38db89fa6df30b0b17a233e0ffe403d","mechanism-only; no effect measured in this experiment"
"20363","T-Gro","[MicroPerf] Fuse the optimizer inlining copy + type-instantiation passes","2026-08-31T14:08:03Z","https://github.com/dotnet/fsharp/pull/20363","05ab847b5d220a924c9293090747f81f9417c7e5","compiler-allocation-and-work","not-ancestor","c251d06dc38db89fa6df30b0b17a233e0ffe403d","mechanism-only; no effect measured in this experiment"
"20367","T-Gro","[MicroPerf] Inline TryD to remove constraint-solver closure allocations","2026-08-31T15:19:21Z","https://github.com/dotnet/fsharp/pull/20367","d1baede4f8c19f6451f53d18e10667fad7968519","compiler-allocation-and-work","not-ancestor","c251d06dc38db89fa6df30b0b17a233e0ffe403d","mechanism-only; no effect measured in this experiment"
"20368","T-Gro","[MicroPerf] Perf: eliminate per-call closure in StackGuard.Guard via InlineIfLambda","2026-08-31T15:26:33Z","https://github.com/dotnet/fsharp/pull/20368","f3807850b346c5199aeacd0b84b072c0e88f7b9a","compiler-allocation-and-work","not-ancestor","c251d06dc38db89fa6df30b0b17a233e0ffe403d","mechanism-only; no effect measured in this experiment"
"20287","auduchinok","IL: hold custom attributes in fields rather than a union case","2026-09-01T09:01:28Z","https://github.com/dotnet/fsharp/pull/20287","06d75f36025cdd73b726feaebdbf6933af6d8176","metadata-and-ide-memory","not-ancestor","c251d06dc38db89fa6df30b0b17a233e0ffe403d","mechanism-only; no effect measured in this experiment"
"20425","T-Gro","[MicroPerf] Drop the per-call closure in remarkExprs","2026-09-03T13:34:42Z","https://github.com/dotnet/fsharp/pull/20425","2af10a1cfee5a3d18cbff33134efa7ad380a953f","compiler-allocation-and-work","not-ancestor","c251d06dc38db89fa6df30b0b17a233e0ffe403d","mechanism-only; no effect measured in this experiment"
"20353","T-Gro","[MicroPerf] Cache IL method parameter attributes during overload resolution","2026-09-04T13:04:10Z","https://github.com/dotnet/fsharp/pull/20353","2e832b3280988b98404e6ae49dea024a213869d9","compiler-allocation-and-work","not-ancestor","c251d06dc38db89fa6df30b0b17a233e0ffe403d","mechanism-only; no effect measured in this experiment"
"20384","T-Gro","[MicroPerf] Avoid per-call closure allocation in type-hierarchy traversal","2026-09-04T13:13:03Z","https://github.com/dotnet/fsharp/pull/20384","c031dc2e5c520e1f0ed2dd43f1707bbcdfbd5748","compiler-allocation-and-work","not-ancestor","c251d06dc38db89fa6df30b0b17a233e0ffe403d","mechanism-only; no effect measured in this experiment"
"20439","T-Gro","[MicroPerf] Inline the remaining free-variable foldBacks","2026-09-07T09:49:38Z","https://github.com/dotnet/fsharp/pull/20439","176a26a78dfa2c8752e237994c266fcce94ee10f","compiler-allocation-and-work","not-ancestor","c251d06dc38db89fa6df30b0b17a233e0ffe403d","mechanism-only; no effect measured in this experiment"
"20385","T-Gro","[MicroPerf] Inline the free-variable typar foldBacks","2026-09-08T08:37:27Z","https://github.com/dotnet/fsharp/pull/20385","40bdf2fe5ff029c8662d9c974a2296df1e608fed","compiler-allocation-and-work","not-ancestor","c251d06dc38db89fa6df30b0b17a233e0ffe403d","mechanism-only; no effect measured in this experiment"
"20447","T-Gro","[MicroPerf] Remove per-call closure allocations in post-inference checks","2026-09-09T07:47:57Z","https://github.com/dotnet/fsharp/pull/20447","f1db9154f5b1cb3980ffaeda7307a52974f85da5","compiler-allocation-and-work","not-ancestor","c251d06dc38db89fa6df30b0b17a233e0ffe403d","mechanism-only; no effect measured in this experiment"
"20424","T-Gro","[MicroPerf] Drop the generic-arg closure in CanImportILType","2026-09-09T09:33:20Z","https://github.com/dotnet/fsharp/pull/20424","0de618b432fb87f3f26ff0d5d1eb7ce50f86257a","compiler-allocation-and-work","not-ancestor","c251d06dc38db89fa6df30b0b17a233e0ffe403d","mechanism-only; no effect measured in this experiment"
"20423","T-Gro","[MicroPerf] Eliminate closure allocations in well-known-attribute queries","2026-09-09T09:42:18Z","https://github.com/dotnet/fsharp/pull/20423","2ef03e90ae1013c97ff74f0bba633f02b6ec7cf5","compiler-allocation-and-work","not-ancestor","c251d06dc38db89fa6df30b0b17a233e0ffe403d","mechanism-only; no effect measured in this experiment"
"20415","T-Gro","[MicroPerf] Make List.vMapFold inline to drop the nullness-import closure","2026-09-09T09:54:03Z","https://github.com/dotnet/fsharp/pull/20415","a258800e730e4931134b2162aa712a6dd84228f6","compiler-allocation-and-work","not-ancestor","c251d06dc38db89fa6df30b0b17a233e0ffe403d","mechanism-only; no effect measured in this experiment"
"20372","T-Gro","[MicroPerf] Eliminate closure allocations in List.mapq and List.lengthsEqAndForall2","2026-09-09T12:07:04Z","https://github.com/dotnet/fsharp/pull/20372","5622dd6d0cb0beb2e799cab4ed02191d94e71a95","compiler-allocation-and-work","not-ancestor","c251d06dc38db89fa6df30b0b17a233e0ffe403d","mechanism-only; no effect measured in this experiment"
"20349","T-Gro","[MicroPerf] Reverse instead of sort already-ordered branch fixups in IL writer","2026-09-09T12:47:48Z","https://github.com/dotnet/fsharp/pull/20349","a2806efaa99e0821a997371609161c115b660177","compiler-allocation-and-work","not-ancestor","c251d06dc38db89fa6df30b0b17a233e0ffe403d","mechanism-only; no effect measured in this experiment"
"20374","T-Gro","[MicroPerf] Inline the static-abstract interface-constraint predicate","2026-09-10T09:46:45Z","https://github.com/dotnet/fsharp/pull/20374","b5b6e16cf6d0d28ce553eddd7a0113852f6ba4b2","compiler-allocation-and-work","not-ancestor","c251d06dc38db89fa6df30b0b17a233e0ffe403d","mechanism-only; no effect measured in this experiment"
"20437","T-Gro","[MicroPerf] Drop the per-call closure in generic type-argument codegen","2026-09-10T11:02:07Z","https://github.com/dotnet/fsharp/pull/20437","4b08cef9926d782642514face26bda1de62f7525","compiler-allocation-and-work","not-ancestor","c251d06dc38db89fa6df30b0b17a233e0ffe403d","mechanism-only; no effect measured in this experiment"
"20421","T-Gro","[MicroPerf] Drop accessibility and attribute-scan closures via ListInline","2026-09-10T11:03:19Z","https://github.com/dotnet/fsharp/pull/20421","b69ba083d531bdfb09594dca85a011ccc780815f","compiler-allocation-and-work","not-ancestor","c251d06dc38db89fa6df30b0b17a233e0ffe403d","mechanism-only; no effect measured in this experiment"
"20426","T-Gro","Avoid per-call FSharpFunc closure in remapVal member-info remap","2026-09-10T14:45:57Z","https://github.com/dotnet/fsharp/pull/20426","7ad874a23f007e5209787f87f2bbf59acfb7875c","compiler-allocation-and-work","not-ancestor","c251d06dc38db89fa6df30b0b17a233e0ffe403d","mechanism-only; no effect measured in this experiment"
"20487","T-Gro","Eliminate per-call closure for InlineIfLambda partial applications","2026-09-11T14:22:33Z","https://github.com/dotnet/fsharp/pull/20487","17f8eb7d0691d30d6fc0dbcc7977ac15f9e7d5d2","generated-program-allocation","not-ancestor","c251d06dc38db89fa6df30b0b17a233e0ffe403d","mechanism-only; no effect measured in this experiment"
"20422","T-Gro","Inline List/Array higher-order functions and adapt opaque callbacks","2026-09-16T09:16:57Z","https://github.com/dotnet/fsharp/pull/20422","ec437d5ac2f03c27eb3b4a9ec14fb829570baadf","generated-program-allocation","not-ancestor","c251d06dc38db89fa6df30b0b17a233e0ffe403d","mechanism-only; no effect measured in this experiment"
"20388","T-Gro","Share the empty-array singleton for zero-length Array results","2026-09-16T19:19:58Z","https://github.com/dotnet/fsharp/pull/20388","1636ef4b86d8197a5ee57a4edc2d37ca366cd140","generated-program-allocation","not-ancestor","c251d06dc38db89fa6df30b0b17a233e0ffe403d","mechanism-only; no effect measured in this experiment"
"20490","auduchinok","Name resolution: CheckIWSAM only needs the intrinsic methods","2026-09-17T10:30:21Z","https://github.com/dotnet/fsharp/pull/20490","1a1d96a39fbd97929029bf1985708cc03aec000c","metadata-and-ide-memory","not-ancestor","c251d06dc38db89fa6df30b0b17a233e0ffe403d","mechanism-only; no effect measured in this experiment"
"20489","auduchinok","IL: map the short-lived metadata-only PE reader","2026-09-17T10:36:37Z","https://github.com/dotnet/fsharp/pull/20489","88200f18683f639ef82dfc2c4ad2dd8798259ed0","metadata-and-ide-memory","not-ancestor","c251d06dc38db89fa6df30b0b17a233e0ffe403d","mechanism-only; no effect measured in this experiment"
"20486","auduchinok","IL: intern the attributes and type references read from metadata","2026-09-17T10:43:02Z","https://github.com/dotnet/fsharp/pull/20486","0fbe44ab3a1a9012c86f190e42f53683ea04c18a","metadata-and-ide-memory","not-ancestor","c251d06dc38db89fa6df30b0b17a233e0ffe403d","mechanism-only; no effect measured in this experiment"
"20481","auduchinok","FCS: fix races that made the background builder repeat work","2026-09-17T10:46:39Z","https://github.com/dotnet/fsharp/pull/20481","7d9d12229eaaed1f9e4a3255ceed40f39c34a252","metadata-and-ide-memory","not-ancestor","c251d06dc38db89fa6df30b0b17a233e0ffe403d","mechanism-only; no effect measured in this experiment"
"20494","auduchinok","Typed tree: create a type's augmentation on first use","2026-09-17T10:47:57Z","https://github.com/dotnet/fsharp/pull/20494","f4c72052edeec906a6a28d2cd6995ae5691df2a7","metadata-and-ide-memory","not-ancestor","c251d06dc38db89fa6df30b0b17a233e0ffe403d","mechanism-only; no effect measured in this experiment"
"20261","auduchinok","IL: fix the per-reader string cache sizing","2026-09-17T10:48:14Z","https://github.com/dotnet/fsharp/pull/20261","eb0f1377488bc860f3533516a93991f6f192fc5d","metadata-and-ide-memory","not-ancestor","c251d06dc38db89fa6df30b0b17a233e0ffe403d","mechanism-only; no effect measured in this experiment"
"20571","T-Gro","Stabilize OptimizeClosureIfNotInlined for F# 11","2026-09-18T12:36:51Z","https://github.com/dotnet/fsharp/pull/20571","52e9cea2b22bae1bba7e94b88c8d9409e0b888e4","supporting","not-ancestor","c251d06dc38db89fa6df30b0b17a233e0ffe403d","mechanism-only; no effect measured in this experiment"
"20555","T-Gro","Ship net10.0 FSharp.Core with the SDK tools","2026-09-18T12:36:57Z","https://github.com/dotnet/fsharp/pull/20555","a17252bbc3e28d52a4a326757c9d5bc913cfd553","supporting","not-ancestor","c251d06dc38db89fa6df30b0b17a233e0ffe403d","mechanism-only; no effect measured in this experiment"
"20506","T-Gro","Support multithreaded MSBuild in F# build tasks","2026-09-21T07:18:45Z","https://github.com/dotnet/fsharp/pull/20506","9f99ef07871a30b9aeb0b68f9c420c6f0b4f9a5c","supporting","not-ancestor","c251d06dc38db89fa6df30b0b17a233e0ffe403d","mechanism-only; no effect measured in this experiment"
