toolchain,launch,kernel,length,allocated_bytes_per_operation,median_ns,mean_ns,iterations,standard_deviation_ns
sdk10,0,Cart,0,24,5.927018705282422,6.0020324424002665,15,0.1547213589779417
sdk10,0,Escaping,0,24,8.296470731913319,8.306722378803322,15,0.16989998511540497
sdk10,0,FilterMap,0,48,8.19761418621244,8.282389792509539,15,0.24602419530165495
sdk10,0,Nested,0,24,5.7916291437216065,5.848170707290557,15,0.18430840750222433
sdk10,0,NonCapturing,0,0,2.6242461830595336,2.6297232403241346,15,0.00988370804698716
sdk10,0,Option,0,0,1.2967791915950662,1.327106614982894,15,0.10250289706418941
sdk10,0,Rules,0,48,7.8614110817591785,7.867429453085536,15,0.166360647129029
sdk10,0,Telemetry,0,48,8.165216406427449,8.077283568487433,15,0.2598601768282703
sdk10,0,Cart,1,24,8.843627903863092,8.872081629592268,15,0.17672409455460011
sdk10,0,Escaping,1,24,8.283980746103081,8.278700369389146,15,0.09509733337720608
sdk10,0,FilterMap,1,49,9.401131260820408,9.463000736779014,15,0.28422854250751556
sdk10,0,Nested,1,48,21.258010323314018,21.29659301413295,15,0.2766171420097011
sdk10,0,NonCapturing,1,0,6.531843087740631,6.542556366904618,15,0.03285784348447599
sdk10,0,Option,1,0,2.301315725047612,2.30400840029024,15,0.009076577624714746
sdk10,0,Rules,1,48,9.728733793840119,9.762261571855493,15,0.2647824543928591
sdk10,0,Telemetry,1,48,10.569082218460375,10.616238664902188,15,0.293916039348496
sdk10,0,Cart,4,24,13.429344280738217,13.427652903039226,15,0.08631938218651936
sdk10,0,Escaping,4,24,8.228305983675956,8.2828492399624,15,0.20725161075787304
sdk10,0,FilterMap,4,146,35.58537488274387,35.71893470428004,15,1.00583958757865
sdk10,0,Nested,4,48,28.385019586091374,28.433819236823794,15,0.5337702150413297
sdk10,0,NonCapturing,4,0,9.466610364779116,9.4825259264013,15,0.03877336601043761
sdk10,0,Option,4,0,2.6249431163490375,2.6385991981503585,15,0.04390136770263548
sdk10,0,Rules,4,48,15.961926896260302,15.90737188064887,15,0.1824078350648637
sdk10,0,Telemetry,4,48,16.364222207729398,16.444270913188863,15,0.2344684340518475
sdk10,0,Cart,16,24,33.578175470245526,33.812043445505594,15,0.6996607877516758
sdk10,0,Escaping,16,24,8.31716145698294,8.32281206830379,15,0.18974505941491884
sdk10,0,FilterMap,16,682,155.17075315389087,155.33380155846206,15,4.4258723531339665
sdk10,0,Nested,16,120,88.01406544884806,88.4309819701124,15,1.5101740471909335
sdk10,0,NonCapturing,16,0,21.416700124883537,21.49043658636132,15,0.29336837609718647
sdk10,0,Option,16,0,2.62788334350146,2.625601081071933,15,0.009137612019314185
sdk10,0,Rules,16,48,30.177225086482835,30.127905914930032,15,0.4600140986569617
sdk10,0,Telemetry,16,48,34.13207225393545,34.174063016397106,15,0.6884446053596895
sdk10,0,Cart,64,24,117.22810690085566,115.98611405584884,15,2.2278338568299207
sdk10,0,Escaping,64,24,8.29661330604108,8.310894419986566,15,0.07455345231147675
sdk10,0,FilterMap,64,2779,623.4949221934927,623.7304320145747,15,20.108040849044205
sdk10,0,Nested,64,408,323.65161059145464,323.6234172388474,15,2.1528269534641864
sdk10,0,NonCapturing,64,0,75.25012726435745,75.32411068859243,15,0.2408021460551582
sdk10,0,Option,64,0,2.6387165314255765,2.645832391645206,15,0.037639473038054636
sdk10,0,Rules,64,48,107.01606628471585,107.0024017023562,15,0.2667597855988221
sdk10,0,Telemetry,64,48,89.41702099631887,90.50867589265457,15,2.422217565175643
sdk10,0,Cart,1024,24,1703.1211003293624,1703.7772337654367,15,2.2746019334776917
sdk10,0,Escaping,1024,24,8.241400237498476,8.247730344452435,15,0.1468758851485275
sdk10,0,FilterMap,1024,44226,9539.155289781487,9547.265911968607,15,115.44309748021965
sdk10,0,Nested,1024,6168,4977.0570493612995,4973.139423329653,15,33.88553694187769
sdk10,0,NonCapturing,1024,0,1394.1001529009168,1396.9444460002126,15,10.272893635802149
sdk10,0,Option,1024,0,2.62025443819207,2.699801865973707,15,0.2495800927579229
sdk10,0,Rules,1024,48,1254.5587990496513,1258.7171972444592,15,16.939088909177535
sdk10,0,Telemetry,1024,48,1189.5710453213594,1189.3552519755951,15,4.035365209961262
sdk10,1,Cart,0,24,5.888691019607056,5.897510116583402,15,0.10061128365926021
sdk10,1,Escaping,0,24,8.35847421331329,8.392496231777297,15,0.19608548074270832
sdk10,1,FilterMap,0,48,8.58942974981966,8.566828934495662,15,0.24145380121893847
sdk10,1,Nested,0,24,5.952900024362865,5.966310803115116,15,0.09012976656428412
sdk10,1,NonCapturing,0,0,2.480609003367599,2.489974451635884,15,0.030426221161725008
sdk10,1,Option,0,0,0.990860310496946,0.9956577641483606,15,0.03221023956632215
sdk10,1,Rules,0,48,8.167179058082391,8.09730729453625,15,0.3415752574819339
sdk10,1,Telemetry,0,48,8.087360187861316,8.055932524973516,15,0.23339705387260118
sdk10,1,Cart,1,24,8.491420856223476,8.546382795609391,15,0.20807657347737132
sdk10,1,Escaping,1,24,8.169164086426552,8.202371399463983,15,0.11924009690750542
sdk10,1,FilterMap,1,49,9.422489379160174,9.4658224638486,15,0.2206762939471123
sdk10,1,Nested,1,48,21.172796174971843,21.22585640335655,15,0.24446908597473596
sdk10,1,NonCapturing,1,0,6.880440273179704,6.965769960592946,15,0.22202946620380995
sdk10,1,Option,1,0,1.9793144429869465,1.985337102642997,15,0.020628924387898474
sdk10,1,Rules,1,48,9.786059562941219,9.735977791058547,15,0.2540888409816339
sdk10,1,Telemetry,1,48,12.674049441848735,12.715059593599367,15,0.3619887827080035
sdk10,1,Cart,4,24,14.942931994891726,14.934329901031768,15,0.0651570743851337
sdk10,1,Escaping,4,24,8.14602827076003,8.211450452598521,15,0.14289968186967278
sdk10,1,FilterMap,4,146,34.19129057113141,34.21422658180235,15,0.7180233204472183
sdk10,1,Nested,4,48,29.637659574122043,29.764685418954798,15,0.49845092215976017
sdk10,1,NonCapturing,4,0,9.79453278123845,9.81281380421356,15,0.05055608197437901
sdk10,1,Option,4,0,2.3021099384438553,2.304752124565559,15,0.03726779675336311
sdk10,1,Rules,4,48,16.868782921241763,16.99407582699741,15,0.3492317181440394
sdk10,1,Telemetry,4,48,16.003087055420544,16.07674454482905,15,0.2738638839492004
sdk10,1,Cart,16,24,35.84383326079803,35.86915237822282,15,0.18946895828849375
sdk10,1,Escaping,16,24,9.581243105372112,9.615547901179209,15,0.15918056519472001
sdk10,1,FilterMap,16,682,150.23989767592698,154.38837890884977,15,11.246309209076145
sdk10,1,Nested,16,120,95.25371227886306,95.39412468151073,15,2.4550842137089512
sdk10,1,NonCapturing,16,0,21.682323940033083,21.74709934411438,15,0.24607823536976756
sdk10,1,Option,16,0,2.3002787498029815,2.329684903450951,15,0.0916536024397435
sdk10,1,Rules,16,48,30.328597718760708,30.414728715032457,15,0.38724712759506913
sdk10,1,Telemetry,16,48,33.69113091087422,33.716660170498976,15,0.21167768615233823
sdk10,1,Cart,64,24,117.50712873179661,116.995958522993,15,1.1108421638793322
sdk10,1,Escaping,64,24,8.318958699703344,8.291851692360842,15,0.21969149814297764
sdk10,1,FilterMap,64,2779,629.4085649534641,627.5071977651683,15,11.7920962523131
sdk10,1,Nested,64,408,351.5593615444243,351.4740568484224,15,2.063752165665448
sdk10,1,NonCapturing,64,0,78.63951060094163,85.24434936784309,15,16.5733224779698
sdk10,1,Option,64,0,2.2928574144561518,2.2964273668489605,15,0.019517534752360684
sdk10,1,Rules,64,48,107.75358526717399,108.02310983121575,15,0.7576797278368986
sdk10,1,Telemetry,64,48,101.76674685937297,102.28203036462399,15,1.0714139185934468
sdk10,1,Cart,1024,24,1701.7347549773415,1702.322509968292,15,3.155360032719505
sdk10,1,Escaping,1024,24,8.100233499257191,8.128525717076636,15,0.22461363832716985
sdk10,1,FilterMap,1024,44226,9602.572802863642,9689.88751755596,15,256.9132116421574
sdk10,1,Nested,1024,6168,5427.523404070462,5458.812094094138,15,120.42008047239935
sdk10,1,NonCapturing,1024,0,1390.908635822589,1392.3832037348109,15,4.479377446656889
sdk10,1,Option,1024,0,2.2939624293798895,2.3162038737562947,15,0.0708879131154409
sdk10,1,Rules,1024,48,1259.3472131312624,1262.1405937935317,15,11.226877170229198
sdk10,1,Telemetry,1024,48,1383.0368243525772,1390.9048773915385,15,30.260287929224173
sdk10,2,Cart,0,24,5.631238453658448,5.690718596289084,15,0.2301979826940654
sdk10,2,Escaping,0,24,8.362209335409478,8.352930554334124,15,0.15119145845757442
sdk10,2,FilterMap,0,48,8.537401229896902,8.457864614135781,15,0.3662659869507878
sdk10,2,Nested,0,24,5.424960533492732,5.396034829346103,15,0.1808198102454224
sdk10,2,NonCapturing,0,0,2.4927315032514885,2.5054423681462734,15,0.043113447424804434
sdk10,2,Option,0,0,1.0023329456104138,1.011703443204677,15,0.026918322384264424
sdk10,2,Rules,0,48,7.579041204437401,7.696072803130762,15,0.2940038824358194
sdk10,2,Telemetry,0,48,8.404397730046849,8.424712239638726,15,0.21138201158510012
sdk10,2,Cart,1,24,9.159250866182743,9.140131322904073,15,0.2757748828257725
sdk10,2,Escaping,1,24,8.164094108306998,8.190627371749526,15,0.08875640976718298
sdk10,2,FilterMap,1,49,9.268661310980175,9.283920438107948,15,0.21242456493681947
sdk10,2,Nested,1,48,21.541350808988177,21.606088849505337,15,0.5153131262093704
sdk10,2,NonCapturing,1,0,6.8669331463544605,6.899788519751771,15,0.1307083994891885
sdk10,2,Option,1,0,2.290925348120777,2.3202976900411554,15,0.1061120490093035
sdk10,2,Rules,1,48,9.873356863616394,9.888587474680055,15,0.17707175982075468
sdk10,2,Telemetry,1,48,10.204098637036056,10.240759112251084,15,0.3242005467094932
sdk10,2,Cart,4,24,14.016588142133877,14.105374659045399,15,0.3309835950410286
sdk10,2,Escaping,4,24,12.35032361520771,12.35129287505057,15,0.10021445293604
sdk10,2,FilterMap,4,146,43.361491712453194,43.42319802520729,15,1.4289631397843383
sdk10,2,Nested,4,48,28.570741191097085,28.68251459068773,15,0.6908773352412351
sdk10,2,NonCapturing,4,0,9.776798646559056,9.794968549656057,15,0.048263986896551314
sdk10,2,Option,4,0,2.2910125479245744,2.292762911704796,15,0.009165088435453496
sdk10,2,Rules,4,48,15.94192050563753,15.95674769420063,15,0.26857486850777273
sdk10,2,Telemetry,4,48,15.828658687781644,15.850011875994449,15,0.1749283704627323
sdk10,2,Cart,16,24,35.873693838424934,35.89127940363027,15,0.10081489180033089
sdk10,2,Escaping,16,24,8.204416332203955,8.804724380168627,15,1.99540391392613
sdk10,2,FilterMap,16,682,139.81407039664836,140.76921473560873,15,3.7247131854010354
sdk10,2,Nested,16,120,88.36599391638357,88.20655579978832,15,1.1117043592018931
sdk10,2,NonCapturing,16,0,21.648953689048316,21.783374079141595,15,0.5044288221810374
sdk10,2,Option,16,0,2.301962630348808,2.300142843153595,15,0.012058946693126951
sdk10,2,Rules,16,48,29.682162242932115,29.73389021220186,15,0.3059874021635531
sdk10,2,Telemetry,16,48,33.77512364584426,33.98131031754721,15,0.5755637698275434
sdk10,2,Cart,64,24,119.96373436398603,119.90951176703625,15,0.32171939092269475
sdk10,2,Escaping,64,24,8.223855623137618,8.264693329447732,15,0.15595464207086562
sdk10,2,FilterMap,64,2779,613.2199904527595,609.9490732240704,15,10.308071191500419
sdk10,2,Nested,64,408,329.60479714226324,330.04292872119896,15,4.1022745686602375
sdk10,2,NonCapturing,64,0,75.49937848787276,75.630891610681,15,0.40914708219370033
sdk10,2,Option,64,0,2.2912789865659424,2.2947060635462773,15,0.010678133131450914
sdk10,2,Rules,64,48,106.11971450144011,106.27961776873188,15,0.33767300461269895
sdk10,2,Telemetry,64,48,89.51531077111473,89.87435764736753,15,1.2167085446670847
sdk10,2,Cart,1024,24,1703.3309470239312,1704.5069657507784,15,4.298803026879168
sdk10,2,Escaping,1024,24,8.277750488583807,8.253421256484177,15,0.15727068498642252
sdk10,2,FilterMap,1024,44227,9718.58055187372,9705.15885448046,15,204.67603136779314
sdk10,2,Nested,1024,6168,5081.122490121765,5103.514098325405,15,66.19916237699867
sdk10,2,NonCapturing,1024,0,1398.7511421630895,1401.9601190078222,15,12.932707687121562
sdk10,2,Option,1024,0,2.285829049811614,2.2884826107834333,15,0.011834809408602725
sdk10,2,Rules,1024,48,1255.9651565492318,1257.6374612333937,15,5.365738169157709
sdk10,2,Telemetry,1024,48,1191.9810232450827,1194.5595483006798,15,11.281688491043406
sdk11rc1,0,Cart,0,24,5.8850636887915515,5.873621031434675,15,0.16153013376281608
sdk11rc1,0,Escaping,0,24,8.017960774755103,8.011566992250513,15,0.14046466958637008
sdk11rc1,0,FilterMap,0,48,8.531457130729757,8.529224941360175,15,0.3408008844267902
sdk11rc1,0,Nested,0,24,5.394894960014517,5.402577411479497,15,0.17100795632851823
sdk11rc1,0,NonCapturing,0,0,2.4977400041023694,2.519946643761552,15,0.07414931936615136
sdk11rc1,0,Option,0,0,0.9919913644496875,1.0084486649763293,15,0.0417073169975076
sdk11rc1,0,Rules,0,48,7.401104137670724,7.435503481088174,15,0.17089415635627028
sdk11rc1,0,Telemetry,0,48,8.193170029976393,8.23066495156579,15,0.182727002797353
sdk11rc1,0,Cart,1,24,9.761947436107857,9.794925872630888,15,0.09153313316014672
sdk11rc1,0,Escaping,1,24,7.796938997478181,7.88395745389905,15,0.2051536522193941
sdk11rc1,0,FilterMap,1,49,9.471354219365116,9.598991544549527,15,0.28745793828437716
sdk11rc1,0,Nested,1,48,21.20216348994448,21.2505264216945,15,0.26699027901039535
sdk11rc1,0,NonCapturing,1,0,6.533012977216337,6.562563979543758,15,0.10071521994895036
sdk11rc1,0,Option,1,0,2.2990293933537425,2.317663767048836,15,0.060055527141043875
sdk11rc1,0,Rules,1,48,9.815485089772357,9.881207466872668,15,0.37296986982681596
sdk11rc1,0,Telemetry,1,48,9.941539472383745,9.944185948121346,15,0.2770106334164134
sdk11rc1,0,Cart,4,24,13.558739359044713,13.552785748212102,15,0.10243929365938727
sdk11rc1,0,Escaping,4,24,7.83713139829967,7.826869994986986,15,0.1099554908724313
sdk11rc1,0,FilterMap,4,146,33.67902723982475,33.617812300839795,15,0.6117423173257085
sdk11rc1,0,Nested,4,48,28.88374730706806,28.85591890351399,15,0.29036259798616343
sdk11rc1,0,NonCapturing,4,0,8.484304374830646,8.499926293219069,15,0.030074326271744698
sdk11rc1,0,Option,4,0,2.2942881983811954,2.303181466002191,15,0.021672673463581586
sdk11rc1,0,Rules,4,48,15.599110650105647,15.65367457503936,15,0.2483855739041054
sdk11rc1,0,Telemetry,4,48,15.685125214625453,15.629289708112275,15,0.27405198499199057
sdk11rc1,0,Cart,16,24,33.60455740898506,33.70971748530327,15,0.3169350335587658
sdk11rc1,0,Escaping,16,24,7.925530965983857,7.940612187559384,15,0.09603958575776747
sdk11rc1,0,FilterMap,16,682,150.36318423765968,149.92549933620802,15,3.1800588671183454
sdk11rc1,0,Nested,16,120,88.59638368272412,88.748044382775,15,0.705848113740966
sdk11rc1,0,NonCapturing,16,0,17.83628376883631,17.92620457838664,15,0.3249513545863888
sdk11rc1,0,Option,16,0,2.2875393391941734,2.2914356925307136,15,0.009810607019573632
sdk11rc1,0,Rules,16,48,30.163044405435294,30.293435110400804,15,0.37788182708660845
sdk11rc1,0,Telemetry,16,48,34.31624662193246,34.27955988688644,15,0.34068905341585554
sdk11rc1,0,Cart,64,24,118.75261077883502,119.65803048298848,15,2.5456969677035466
sdk11rc1,0,Escaping,64,24,7.848267804204239,7.8694681241712265,15,0.09024643077606578
sdk11rc1,0,FilterMap,64,2779,604.3840185734857,608.2154367610036,15,16.25646669949125
sdk11rc1,0,Nested,64,408,330.8419904116383,330.1527657464045,15,3.132036307195086
sdk11rc1,0,NonCapturing,64,0,76.61872048022028,76.64540286674259,15,0.2504743747366727
sdk11rc1,0,Option,64,0,2.2940535216842792,2.2945800405706525,15,0.009500367082032113
sdk11rc1,0,Rules,64,48,106.64882237721002,106.75083169886678,15,0.4243769523408095
sdk11rc1,0,Telemetry,64,48,88.92147187061015,88.986035744075,15,0.40755323353196243
sdk11rc1,0,Cart,1024,24,1706.5566269667831,1708.7065668706293,15,8.071214060267865
sdk11rc1,0,Escaping,1024,24,8.07747805154935,8.061416729837273,15,0.09673308982257396
sdk11rc1,0,FilterMap,1024,44230,9681.466250148285,9725.454018216089,15,270.23660293330437
sdk11rc1,0,Nested,1024,6168,5092.483967158204,5090.408752365782,15,25.598370047125687
sdk11rc1,0,NonCapturing,1024,0,1382.5497527572816,1383.0480362548901,15,1.7296932489938113
sdk11rc1,0,Option,1024,0,2.2881606353797515,2.2908531905748024,15,0.00786402058525056
sdk11rc1,0,Rules,1024,48,1255.6462995052614,1256.396360196556,15,3.1430694307412956
sdk11rc1,0,Telemetry,1024,48,1199.1876040073087,1206.6361019059816,15,20.572777606062225
sdk11rc1,1,Cart,0,24,6.169911950843886,6.135570693968384,15,0.184229238485846
sdk11rc1,1,Escaping,0,24,8.343921779331275,8.339696241495295,15,0.13735689619447478
sdk11rc1,1,FilterMap,0,48,8.061535092987143,8.194940277847163,15,0.2856050802229438
sdk11rc1,1,Nested,0,24,5.448177389475911,5.458138379543694,15,0.16994639822876742
sdk11rc1,1,NonCapturing,0,0,2.465671662771963,2.4729012506267574,15,0.024605093053094513
sdk11rc1,1,Option,0,0,1.3190244523681651,1.3337610645769005,15,0.06095460674878058
sdk11rc1,1,Rules,0,48,7.824551976212001,7.819814952164533,15,0.16222911364364467
sdk11rc1,1,Telemetry,0,48,7.849030910314173,7.929170617437544,15,0.37695079535389314
sdk11rc1,1,Cart,1,24,8.352039964637887,8.383390055796962,15,0.25215311877053614
sdk11rc1,1,Escaping,1,24,8.363738372350504,8.405318637608493,15,0.16874456382856973
sdk11rc1,1,FilterMap,1,49,9.591770786645515,9.549593250251535,15,0.24668248373488522
sdk11rc1,1,Nested,1,48,21.600268093734524,21.91735414578802,15,0.8517358469664223
sdk11rc1,1,NonCapturing,1,0,6.953417959014189,6.9676504885732315,15,0.158522512039732
sdk11rc1,1,Option,1,0,3.9553729543548632,3.9247610338247307,15,0.09184776950451974
sdk11rc1,1,Rules,1,48,10.144484189015676,10.177859473642703,15,0.29539784312348893
sdk11rc1,1,Telemetry,1,48,10.351081335900487,10.315352469231568,15,0.18260142538009125
sdk11rc1,1,Cart,4,24,14.397730354353456,14.405445413566502,15,0.07471136943989916
sdk11rc1,1,Escaping,4,24,8.143260416217878,8.18668552327312,15,0.18012862561556292
sdk11rc1,1,FilterMap,4,146,35.52293508518173,35.470252302849566,15,0.6594237534953638
sdk11rc1,1,Nested,4,48,29.154257629805787,29.292266455278114,15,0.5244051419758395
sdk11rc1,1,NonCapturing,4,0,8.884244387080567,8.89224980158309,15,0.03998678527950719
sdk11rc1,1,Option,4,0,3.953031644117854,3.9084141297208825,15,0.10774208583975299
sdk11rc1,1,Rules,4,48,15.602305076204312,15.676350253176325,15,0.32313414812155755
sdk11rc1,1,Telemetry,4,48,18.00101237705949,19.348111725805285,15,3.6927431267952624
sdk11rc1,1,Cart,16,24,33.62795954485734,33.785103438919315,15,0.4612332413398697
sdk11rc1,1,Escaping,16,24,8.306340633320492,8.320327985281825,15,0.10971541378901752
sdk11rc1,1,FilterMap,16,682,143.3865953382766,142.6566826413321,15,4.91968629691421
sdk11rc1,1,Nested,16,120,93.87754169887742,93.88547908588605,15,0.7685694788197135
sdk11rc1,1,NonCapturing,16,0,17.842794079822244,17.860874279263154,15,0.10141400208447404
sdk11rc1,1,Option,16,0,3.826687497849559,3.825960767897889,15,0.04528996757548941
sdk11rc1,1,Rules,16,48,29.09995432493488,29.11726504576505,15,0.12713689647945503
sdk11rc1,1,Telemetry,16,48,33.65670424787699,33.68976269295095,15,0.29822605893548093
sdk11rc1,1,Cart,64,24,116.19516923746649,115.75822650461642,15,2.3736490063149494
sdk11rc1,1,Escaping,64,24,8.189233772998247,8.233524305999998,15,0.2170011214784945
sdk11rc1,1,FilterMap,64,2779,603.6489481417417,605.2372598449444,15,6.385392752002221
sdk11rc1,1,Nested,64,408,352.88236124841126,352.3136468483736,15,2.0502617972661854
sdk11rc1,1,NonCapturing,64,0,76.45396911389156,76.5058895922614,15,0.18117700625065988
sdk11rc1,1,Option,64,0,3.8308464875046515,3.8582559315754805,15,0.1029369270758962
sdk11rc1,1,Rules,64,48,104.56195358418456,104.54198553642968,15,0.2830510437392883
sdk11rc1,1,Telemetry,64,48,101.76203553958602,101.98817062897737,15,0.5000552665970164
sdk11rc1,1,Cart,1024,24,1712.4486684704234,1715.910920053289,15,8.974670401433558
sdk11rc1,1,Escaping,1024,24,8.199199182987892,8.22391638882337,15,0.16742369826383424
sdk11rc1,1,FilterMap,1024,44231,9607.94195148415,9731.688883722132,15,312.5190827907301
sdk11rc1,1,Nested,1024,6168,5408.541850125647,5421.614152652189,15,41.86431343850075
sdk11rc1,1,NonCapturing,1024,0,1376.989574617993,1377.6002355894138,15,2.676798905226186
sdk11rc1,1,Option,1024,0,3.908430868515394,3.8990195134826524,15,0.07421844339758182
sdk11rc1,1,Rules,1024,48,1240.1238009428187,1242.3093745903584,15,10.933131538509322
sdk11rc1,1,Telemetry,1024,48,1377.7198277286395,1383.7986716159799,15,13.867762564084964
sdk11rc1,2,Cart,0,24,5.713750158174892,5.704419525272616,15,0.10121018009965933
sdk11rc1,2,Escaping,0,24,8.401664770674968,8.358446852117735,15,0.09274770727824282
sdk11rc1,2,FilterMap,0,48,8.064963714368556,8.058165785571308,15,0.14600652997747743
sdk11rc1,2,Nested,0,24,5.458386996692554,5.522631055867226,15,0.25382311702058175
sdk11rc1,2,NonCapturing,0,0,2.468672150178226,2.473334789012281,15,0.016266944212564024
sdk11rc1,2,Option,0,0,1.366005670385293,1.426277399351385,15,0.17933612275754054
sdk11rc1,2,Rules,0,48,8.228757156478332,8.204089383554113,15,0.2453345969059538
sdk11rc1,2,Telemetry,0,48,8.00982813560947,8.040553534464122,15,0.1493585045670478
sdk11rc1,2,Cart,1,24,8.594367426134081,8.621267980965927,15,0.13131567693796614
sdk11rc1,2,Escaping,1,24,8.289039993651896,8.316843894375614,15,0.18791518768912374
sdk11rc1,2,FilterMap,1,49,9.652011444581852,9.55375301782994,15,0.21303978313507002
sdk11rc1,2,Nested,1,48,22.045874878891137,21.990090099161247,15,0.22922571479348566
sdk11rc1,2,NonCapturing,1,0,6.8473380143669145,6.877629518148434,15,0.08568299481045659
sdk11rc1,2,Option,1,0,2.6235973069293586,2.6263284447817266,15,0.019541109609377168
sdk11rc1,2,Rules,1,48,9.762082115828864,9.807620177986104,15,0.20149517689831556
sdk11rc1,2,Telemetry,1,48,10.262567365184074,10.357385168876728,15,0.38552310303379406
sdk11rc1,2,Cart,4,24,13.717178839384717,13.708986787815512,15,0.19787559308579583
sdk11rc1,2,Escaping,4,24,8.25956015684733,8.245916047593477,15,0.1519273532521461
sdk11rc1,2,FilterMap,4,146,33.73333002438767,34.02376808231914,15,1.2264751819153552
sdk11rc1,2,Nested,4,48,27.55593857648292,27.794687081454597,15,0.874801683498102
sdk11rc1,2,NonCapturing,4,0,9.432657729073753,9.436924166813734,15,0.019006087977129636
sdk11rc1,2,Option,4,0,2.5219765159070704,2.53079560531478,15,0.018376537817129262
sdk11rc1,2,Rules,4,48,15.27905979153441,15.271318925949533,15,0.37259098580860633
sdk11rc1,2,Telemetry,4,48,15.308823718527933,15.392021853707138,15,0.3821549114888182
sdk11rc1,2,Cart,16,24,32.164299915939694,32.188632804033915,15,0.16041780274770842
sdk11rc1,2,Escaping,16,24,7.8079859558232645,7.7795835082515365,15,0.12473656611115226
sdk11rc1,2,FilterMap,16,682,127.77323156401516,128.57633404614202,15,2.1656983990815046
sdk11rc1,2,Nested,16,120,85.57793258118215,85.60178223606648,15,0.5406437021448909
sdk11rc1,2,NonCapturing,16,0,20.771735946822766,20.76816057421124,15,0.03414363567102256
sdk11rc1,2,Option,16,0,2.524202338499927,2.5309128499212985,15,0.01455179265993334
sdk11rc1,2,Rules,16,48,29.113755593343157,28.961696849423063,15,0.4104534670207554
sdk11rc1,2,Telemetry,16,48,32.40757818715586,32.42238014755919,15,0.2975469865999186
sdk11rc1,2,Cart,64,24,110.70749261741952,110.98308799586799,15,1.5785820566096986
sdk11rc1,2,Escaping,64,24,7.839393453953078,7.859820533389601,15,0.1234949481112903
sdk11rc1,2,FilterMap,64,2779,572.677746935159,574.1424405971932,15,13.146722465445727
sdk11rc1,2,Nested,64,408,318.06268933602956,318.5530766114493,15,4.992947016187394
sdk11rc1,2,NonCapturing,64,0,73.09896733510806,73.33563379726688,15,0.8515635341125275
sdk11rc1,2,Option,64,0,2.5332616860253534,2.5499541115660547,15,0.049485057353573836
sdk11rc1,2,Rules,64,48,103.14912449036619,103.19204988098727,15,0.31769656955989084
sdk11rc1,2,Telemetry,64,48,97.95146066301396,97.98580960146676,15,0.22465466211177576
sdk11rc1,2,Cart,1024,24,1648.6138313516794,1652.2101322641413,15,10.479365809231568
sdk11rc1,2,Escaping,1024,24,7.824367119312923,7.851720157352468,15,0.19858021050357763
sdk11rc1,2,FilterMap,1024,44235,8995.428955847468,9058.12649742119,15,194.345980241231
sdk11rc1,2,Nested,1024,6168,4900.100382224625,4910.96688673539,15,67.29125488916411
sdk11rc1,2,NonCapturing,1024,0,1345.8953776532703,1346.2201989728119,15,2.0759319980900135
sdk11rc1,2,Option,1024,0,2.521985165962465,2.526785885652109,15,0.014794706267585882
sdk11rc1,2,Rules,1024,48,1220.0989309781598,1224.8002797257511,15,15.036410732158306
sdk11rc1,2,Telemetry,1024,48,1328.655772328238,1328.8525388715257,15,3.0697095269122325
