"Workload","Arm","Allocated GiB","Peak RAM MiB","Peak private commit MiB","G0","G1","G2","CPU s","Wall s","RAM after 10 s idle MiB","Retained managed heap MiB"
"Oxpecker","old-framework","1.492","1113.3","1144.2","2","1","0","12.21","10.60","1095.4","108.4"
"Oxpecker","new-framework","0.590","572.2","604.8","1","0","0","9.54","8.83","554.4","75.2"
"Oxpecker","old-net10","1.471","383.9","342.5","34.5","13","6","11.05","9.35","392.8","108.0"
"Oxpecker","new-net10","0.586","285.7","241.4","16","9","4","7.41","6.56","295.6","75.1"
"Oxpecker","old-net11","1.467","385.6","339.8","34","14","7","12.20","10.09","396.1","107.9"
"Oxpecker","new-net11","0.584","287.3","242.5","20","8","4","8.20","7.15","299.4","75.0"
"FsAutoComplete","old-framework","6.249","2497.3","2676.4","7","4","2","35.84","18.78","2497.1","545.0"
"FsAutoComplete","new-framework","3.964","2057.3","2238.2","4","2","1","27.32","16.10","2057.4","380.7"
"FsAutoComplete","old-net10","6.080","1174.0","1305.5","48","23","12","47.98","23.62","1193.1","544.1"
"FsAutoComplete","new-net10","3.857","841.6","904.4","40","18","10","37.34","18.48","852.4","380.2"
"FsAutoComplete","old-net11","6.081","1173.3","1289.4","50.5","23.5","11","50.13","23.28","1191.4","543.8"
"FsAutoComplete","new-net11","3.850","860.7","952.3","41","19.5","11","39.47","19.41","862.7","380.1"
