"Kernel","Length","Arm","B/op","B/op min","B/op max","Median ns/op","Launch median min ns/op","Launch median max ns/op"
"Cart","0","old-framework","24","24","24","4.754670305772269","4.753165051259387","4.966925704312065"
"Cart","0","new-framework","0","0","0","1.2583412810022732","0.911419447993935","1.259993357542066"
"Cart","0","old-net10","24","24","24","5.271793353071784","5.078312091234967","5.715974930092123"
"Cart","0","new-net10","0","0","0","0.764494885682855","0.7616411175495537","0.9446734261347302"
"Cart","0","old-net11","24","24","24","5.423483485685795","5.269555715771628","5.799261310542974"
"Cart","0","new-net11","0","0","0","1.0579894957529121","1.0575164615551398","1.0775741159381973"
"Cart","1","old-framework","24","24","24","15.958138525270666","15.81592018747727","16.59698914438815"
"Cart","1","new-framework","0","0","0","2.8722061226022335","2.866285665552157","2.8723429487283734"
"Cart","1","old-net10","24","24","24","8.39038264894786","8.384432281244518","8.748507822948833"
"Cart","1","new-net10","0","0","0","2.166286256665066","2.156344556872881","2.1966494296909578"
"Cart","1","old-net11","24","24","24","8.277963821048367","8.106561675576462","8.782535122038205"
"Cart","1","new-net11","0","0","0","1.880458752165624","1.8593002873772155","1.9231844535683513"
"Cart","4","old-framework","24","24","24","51.791668389079405","51.554271764888625","52.63369360563472"
"Cart","4","new-framework","0","0","0","10.921648603789775","10.896531017781447","10.974194809275124"
"Cart","4","old-net10","24","24","24","12.739049165256448","12.51818110800432","19.023155211821564"
"Cart","4","new-net10","0","0","0","6.784583507833379","6.7361169166871395","6.7903300572763445"
"Cart","4","old-net11","24","24","24","12.82096503788768","12.757650794274756","13.354986804140097"
"Cart","4","new-net11","0","0","0","7.125305049136474","6.876500021960924","7.153916850024651"
"Cart","16","old-framework","24","24","24","197.0767478251581","196.8763094224349","197.61141423633708"
"Cart","16","new-framework","0","0","0","36.28322824203373","36.281751902447624","36.32877721564682"
"Cart","16","old-net10","24","24","24","34.318121852200086","31.989239378610936","35.43201399401238"
"Cart","16","new-net10","0","0","0","26.990610266525405","26.376450420662625","27.35836529030658"
"Cart","16","old-net11","24","24","24","32.25103142878598","32.226199618920056","33.875118811485684"
"Cart","16","new-net11","0","0","0","27.229732001572497","26.81529813601518","27.26856956346021"
"Cart","64","old-framework","24","24","24","769.9035729633305","769.6239835830337","772.8685698012048"
"Cart","64","new-framework","0","0","0","135.94228179198228","135.92851118589616","136.14090053667834"
"Cart","64","old-net10","24","24","24","114.30944609424833","113.08189744823308","117.95795316111476"
"Cart","64","new-net10","0","0","0","108.0552697469232","106.86493724185262","108.11108557893714"
"Cart","64","old-net11","24","24","24","114.18574983908834","114.18541231410349","114.25553902058859"
"Cart","64","new-net11","0","0","0","108.15151766579223","108.04423535538444","109.4591990286617"
"Cart","1024","old-framework","24","24","24","12178.608272506082","12163.699603194043","12739.703307392996"
"Cart","1024","new-framework","0","0","0","2150.7148465474247","2148.181567946049","2152.514125267002"
"Cart","1024","old-net10","24","24","24","1643.5464145286219","1642.7050951051162","1647.296344845303"
"Cart","1024","new-net10","0","0","0","1637.1608241203394","1632.5214628054325","1640.3334208453664"
"Cart","1024","old-net11","24","24","24","1646.1951879738767","1642.736298414246","1647.2292009207497"
"Cart","1024","new-net11","0","0","0","1639.1315470138732","1638.242480522132","1642.4959581487665"
"Rules","0","old-framework","48","48","48","10.476021284766208","10.281714578836548","11.20599804024885"
"Rules","0","new-framework","0","0","0","4.7094074130651595","4.709160111001493","4.716142181955955"
"Rules","0","old-net10","48","48","48","7.683273501118592","7.492734162465953","7.711123885254917"
"Rules","0","new-net10","0","0","0","1.295237861869739","1.2943033905166443","1.3625300145827173"
"Rules","0","old-net11","48","48","48","7.138883746853721","6.980010029420428","7.5941152022668135"
"Rules","0","new-net11","0","0","0","0.9742874984835528","0.96917201737014","1.2611632532097834"
"Rules","1","old-framework","48","48","48","16.017078042255328","15.561754842744877","16.463534034617666"
"Rules","1","new-framework","0","0","0","6.697139503557175","6.694818935326784","6.7202428524876945"
"Rules","1","old-net10","48","48","48","8.624390994511256","8.582840612395303","8.670325658131347"
"Rules","1","new-net10","0","0","0","2.9608012313219993","2.6735716909305403","2.962743839541595"
"Rules","1","old-net11","48","48","48","8.87752078787314","8.716893863625614","8.91583272955472"
"Rules","1","new-net11","0","0","0","2.9238011601216245","2.8979779275178568","2.9752559199419863"
"Rules","4","old-framework","48","48","48","34.8620192901025","32.552505458017905","35.13180943337279"
"Rules","4","new-framework","0","0","0","13.086944862585964","13.077368325550225","13.094483469847251"
"Rules","4","old-net10","48","48","48","13.981184957840032","13.781189923386709","14.384982278503223"
"Rules","4","new-net10","0","0","0","7.003588720660861","7.001856878953621","7.00671592670485"
"Rules","4","old-net11","48","48","48","14.349072852714091","13.952718006795017","14.822197509736135"
"Rules","4","new-net11","0","0","0","7.314560964184514","6.592996279168942","8.508962881226845"
"Rules","16","old-framework","48","48","48","73.13941643908993","72.17384340330271","73.2282595412023"
"Rules","16","new-framework","0","0","0","24.46332247207527","24.43822416354135","24.559980880958406"
"Rules","16","old-net10","48","48","48","27.604105005202427","27.391726472814625","27.949332667998867"
"Rules","16","new-net10","0","0","0","17.980105875466702","17.742775156569895","17.99244187503985"
"Rules","16","old-net11","48","48","48","28.170169051762272","27.77723586956864","28.932601672314814"
"Rules","16","new-net11","0","0","0","18.27674223861544","18.269832397944853","18.43059251604678"
"Rules","64","old-framework","48","48","48","197.0966791969096","195.5649493528672","210.5301856683595"
"Rules","64","new-framework","0","0","0","91.8401457487564","91.81433168555951","91.99280400649113"
"Rules","64","old-net10","48","48","48","102.39916713848751","101.91953644509887","102.8841212206436"
"Rules","64","new-net10","0","0","0","93.15927348801536","93.09725032190369","94.07760703373623"
"Rules","64","old-net11","48","48","48","102.28345106803742","100.43523430052066","102.46849571962233"
"Rules","64","new-net11","0","0","0","93.98781104319026","93.95126353513807","94.48872315797061"
"Rules","1024","old-framework","48","48","48","2809.7558204391926","2763.9763257854597","2869.233926781538"
"Rules","1024","new-framework","0","0","0","1170.9529502777975","1165.6627150909237","1172.1711471757112"
"Rules","1024","old-net10","48","48","48","1218.2111517055348","1197.9481294027823","1220.1471909673385"
"Rules","1024","new-net10","0","0","0","1196.6697493447311","1189.5092989985694","1217.114438959099"
"Rules","1024","old-net11","48","48","48","1220.5399020596992","1212.7913979330172","1221.1945729685315"
"Rules","1024","new-net11","0","0","0","1211.9758647806375","1206.0223278093251","1222.7910849674477"
"Telemetry","0","old-framework","48","48","48","19.277420308227722","18.57649045484027","20.443091511729293"
"Telemetry","0","new-framework","0","0","0","2.6117092263362784","2.608566778965757","2.619642296652183"
"Telemetry","0","old-net10","48","48","48","7.387813055205097","7.381454743669323","7.401244744218834"
"Telemetry","0","new-net10","0","0","0","2.8205612891488667","2.8183677279151316","2.8296378272039853"
"Telemetry","0","old-net11","48","48","48","7.2668148310816525","7.1759927017637555","7.722819823784813"
"Telemetry","0","new-net11","0","0","0","2.469594913584886","2.2031183431308397","2.5086203198547548"
"Telemetry","1","old-framework","48","48","48","22.242700475275843","21.948077267755256","22.473071345748625"
"Telemetry","1","new-framework","0","0","0","5.269349691730245","5.23003361969804","5.991836954141124"
"Telemetry","1","old-net10","48","48","48","8.659713120476718","8.518609212263796","9.035108538793846"
"Telemetry","1","new-net10","0","0","0","4.371565235958735","4.369384870469858","4.412468676195218"
"Telemetry","1","old-net11","48","48","48","9.577748730456445","8.98809072239443","9.750275449852925"
"Telemetry","1","new-net11","0","0","0","4.469742161579859","4.3062828873853345","4.562314371268029"
"Telemetry","4","old-framework","48","48","48","31.48287830690683","31.444692768445506","33.66158282654843"
"Telemetry","4","new-framework","0","0","0","10.893447259053932","10.8389457157185","10.893971188999243"
"Telemetry","4","old-net10","48","48","48","14.008013163094107","12.900135640863967","14.075634028991749"
"Telemetry","4","new-net10","0","0","0","10.226465541886668","10.08150684968363","10.2273513153"
"Telemetry","4","old-net11","48","48","48","15.536256206720031","14.700563028045543","15.942374325665728"
"Telemetry","4","new-net11","0","0","0","10.418480866019705","10.299551617627513","10.724634898426197"
"Telemetry","16","old-framework","48","48","48","69.449930534941","69.35436724779754","72.35661643123731"
"Telemetry","16","new-framework","0","0","0","28.81145100384273","28.807317626101945","28.819369342635017"
"Telemetry","16","old-net10","48","48","48","32.73167548377874","31.54919993093849","32.733243466658436"
"Telemetry","16","new-net10","0","0","0","29.30989058927745","29.228723135511526","29.750666967039816"
"Telemetry","16","old-net11","48","48","48","32.368410988905254","32.283158618239334","32.64790137505509"
"Telemetry","16","new-net11","0","0","0","29.145454439333434","28.89750294706393","29.181379270479784"
"Telemetry","64","old-framework","48","48","48","225.11185498480597","223.19084731585124","282.17256197635174"
"Telemetry","64","new-framework","0","0","0","124.61853047732883","122.6791477053756","126.351870619682"
"Telemetry","64","old-net10","48","48","48","93.54864503678799","84.257043511363","94.4493545397307"
"Telemetry","64","new-net10","0","0","0","119.03352460375793","116.99332407797507","120.77990092476274"
"Telemetry","64","old-net11","48","48","48","85.16627515373585","85.06242574086107","97.49563075866405"
"Telemetry","64","new-net11","0","0","0","120.53487284188533","117.27099333729846","122.88100161698169"
"Telemetry","1024","old-framework","48","48","48","3273.0561519942744","3243.4957712444625","4384.191582518145"
"Telemetry","1024","new-framework","0","0","0","1825.066471342245","1825.0242801749632","1825.2825934168911"
"Telemetry","1024","old-net10","48","48","48","1305.7250989342324","1177.5008738533627","1307.6326046699505"
"Telemetry","1024","new-net10","0","0","0","1732.7474098387959","1732.2993851763024","1739.2231806567945"
"Telemetry","1024","old-net11","48","48","48","1175.6620375178195","1150.765630763556","1317.382326258492"
"Telemetry","1024","new-net11","0","0","0","1735.8142998315866","1734.371403613372","1739.2253619153676"
"Option","0","old-framework","24","24","24","4.012607883756042","3.6901439084450356","4.89131052497074"
"Option","0","new-framework","0","0","0","1.3785397363380913","1.376978736534589","1.3804758399678236"
"Option","0","old-net10","0","0","0","1.0186205150253196","1.0071492749166304","1.026135092648767"
"Option","0","new-net10","0","0","0","1.2422538103404464","1.2354442945832596","1.2737513413602801"
"Option","0","old-net11","0","0","0","0.8139428751293182","0.6901333061971413","1.007235930143855"
"Option","0","new-net11","0","0","0","1.0448108038906394","0.9155093223139698","1.2608670901879833"
"Option","1","old-framework","48","48","48","7.348400720278582","7.012661822180148","11.258707805561178"
"Option","1","new-framework","24","24","24","4.178178163303422","4.173565574088939","4.212398071264765"
"Option","1","old-net10","0","0","0","2.2037993181190916","1.8911269747059232","2.2040145650164917"
"Option","1","new-net10","0","0","0","1.890648407116614","1.8902306396012447","2.207763269402671"
"Option","1","old-net11","0","0","0","1.8986532929050763","1.8955142213814518","1.909334728945497"
"Option","1","new-net11","0","0","0","1.8965548200056657","1.8947402172220384","2.212067841605534"
"Option","4","old-framework","48","48","48","6.892790917604751","6.8153768230213725","7.318891452350798"
"Option","4","new-framework","24","24","24","4.21764285873506","4.198957461351688","4.221712040319141"
"Option","4","old-net10","0","0","0","2.2069118098110314","1.8899456625460487","2.211408665402574"
"Option","4","new-net10","0","0","0","1.890390437267567","1.8878370767114705","2.2005593814448834"
"Option","4","old-net11","0","0","0","1.8882200470924817","1.88692707384905","1.8990565335102645"
"Option","4","new-net11","0","0","0","1.8969852034946162","1.886169075679349","2.225882474890639"
"Option","16","old-framework","48","48","48","6.946273384626835","6.8124913896809565","8.253895221826575"
"Option","16","new-framework","24","24","24","4.289280502285167","4.274606462217116","4.345720813105626"
"Option","16","old-net10","0","0","0","2.201194706718925","1.8860237498089978","2.213941125583116"
"Option","16","new-net10","0","0","0","1.892092262177503","1.8883823187576954","2.206815102917328"
"Option","16","old-net11","0","0","0","1.8895807135840479","1.888296175675426","1.9167993685065803"
"Option","16","new-net11","0","0","0","1.8930658794740607","1.8910543110535507","2.210021249078876"
"Option","64","old-framework","48","48","48","7.014673168736876","6.888722841603093","7.017522036688478"
"Option","64","new-framework","24","24","24","4.028791164260563","4.026823957922559","4.045110275523277"
"Option","64","old-net10","0","0","0","2.2063797284842575","1.8888268929798282","2.223325705648171"
"Option","64","new-net10","0","0","0","1.9479701101243188","1.8931596102459567","2.1952059789757565"
"Option","64","old-net11","0","0","0","1.9071697710280677","1.89070371969678","2.306416943299714"
"Option","64","new-net11","0","0","0","1.8944007586869809","1.8881400213618116","2.20393461880076"
"Option","1024","old-framework","48","48","48","6.947621002146712","6.926557767773873","6.99597605124169"
"Option","1024","new-framework","24","24","24","4.153678895076209","4.027963776950002","4.181454071792817"
"Option","1024","old-net10","0","0","0","2.199544872869178","1.8892374501462987","2.2028950591089185"
"Option","1024","new-net10","0","0","0","1.892263337450485","1.8887321355581743","2.2050976803344167"
"Option","1024","old-net11","0","0","0","1.9258593142484985","1.8896091332333025","2.4223054193708493"
"Option","1024","new-net11","0","0","0","1.89148038070669","1.8904542242056483","2.203456591297348"
"Nested","0","old-framework","24","24","24","4.734228996763512","4.712950787009919","5.026204003603355"
"Nested","0","new-framework","0","0","0","0.9497191594984998","0.9486179566680178","0.9509472307412817"
"Nested","0","old-net10","24","24","24","5.31386026507969","5.289615787713675","5.384120792695647"
"Nested","0","new-net10","0","0","0","1.3703845507210681","1.3552750025035556","1.383669259041044"
"Nested","0","old-net11","24","24","24","5.200657527109935","4.822452961866737","5.31226137724297"
"Nested","0","new-net11","0","0","0","0.946121027617374","0.7996369426205682","1.1178701991752176"
"Nested","1","old-framework","48","48","48","20.114127026934195","20.075560025581815","21.116962913807317"
"Nested","1","new-framework","0","0","0","2.456024862494645","2.4517081891893877","2.4568335640503762"
"Nested","1","old-net10","48","48","48","19.90793486970238","19.00235322084206","20.24012738040818"
"Nested","1","new-net10","0","0","0","2.535990549979636","2.5332693200251226","2.5391217910073536"
"Nested","1","old-net11","48","48","48","19.996650557442937","19.516123904403393","21.124092975155552"
"Nested","1","new-net11","0","0","0","2.4077361404652495","2.1842583540581053","2.4959903881276304"
"Nested","4","old-framework","48","48","48","24.86196734983529","24.709326903903747","26.792164210550396"
"Nested","4","new-framework","0","0","0","4.486321261115751","4.468661366188444","4.492174091558337"
"Nested","4","old-net10","48","48","48","27.555174166460013","26.867347929174585","28.29570673403065"
"Nested","4","new-net10","0","0","0","3.8652227196161264","3.8065087645953835","3.9685361948749875"
"Nested","4","old-net11","48","48","48","27.088998829515415","26.308677751705","27.419106497252205"
"Nested","4","new-net11","0","0","0","4.103914418788378","3.7862455656568357","4.117798688021774"
"Nested","16","old-framework","120","120","120","75.55301706884082","75.2769416321104","80.58156819205301"
"Nested","16","new-framework","0","0","0","15.100598618915575","15.067640678192037","15.391834056022315"
"Nested","16","old-net10","120","120","120","86.18123554756298","86.11860805776145","88.81219989710758"
"Nested","16","new-net10","0","0","0","13.65770064110598","13.65150296113072","13.722494279154319"
"Nested","16","old-net11","120","120","120","84.803707464669","83.3395479553325","90.51111216495225"
"Nested","16","new-net11","0","0","0","13.736101841860696","13.414563354519977","13.876499715899271"
"Nested","64","old-framework","409","409","409","283.9698700419515","280.9512787741111","288.5487103505413"
"Nested","64","new-framework","0","0","0","52.56630943102529","52.31009234878798","52.846586418009835"
"Nested","64","old-net10","408","408","408","324.25835198524913","322.37109097630184","327.47176987685543"
"Nested","64","new-net10","0","0","0","37.373038815148185","37.352699699042475","37.44995553663612"
"Nested","64","old-net11","408","408","408","319.6232263940766","315.64941372675753","337.3419531854728"
"Nested","64","new-net11","0","0","0","37.09535311612195","36.84220881119864","37.19026225479283"
"Nested","1024","old-framework","6186","6186","6186","4375.060578459846","4331.564307776318","4504.419029695445"
"Nested","1024","new-framework","0","0","0","842.087823431107","841.5596361185984","842.4625731604998"
"Nested","1024","old-net10","6168","6168","6168","4989.491403150174","4944.142238540898","5004.246906780494"
"Nested","1024","new-net10","0","0","0","664.4643318773102","663.2036025300698","665.9823498116547"
"Nested","1024","old-net11","6168","6168","6168","4859.155367945999","4829.428663838206","5260.153767298822"
"Nested","1024","new-net11","0","0","0","662.8179940154831","660.8534455572016","663.7063665950521"
"FilterMap","0","old-framework","48","48","48","10.720381948159812","10.66161956092615","11.500387762337565"
"FilterMap","0","new-framework","48","48","48","11.02983888061943","10.993409306061736","11.106376231239748"
"FilterMap","0","old-net10","48","48","48","7.652369614067718","7.460587799695248","7.824172626724227"
"FilterMap","0","new-net10","48","48","48","7.89641377623721","7.76654812591057","8.247997583250934"
"FilterMap","0","old-net11","48","48","48","7.673133885371454","7.048245428287648","8.076485765513622"
"FilterMap","0","new-net11","48","48","48","7.4945235762549585","7.25524364697778","8.343972032650411"
"FilterMap","1","old-framework","49","49","49","12.568271098685303","12.303030764455023","12.636686233470634"
"FilterMap","1","new-framework","49","49","49","12.408666642165132","12.27980311394648","12.664202617296167"
"FilterMap","1","old-net10","49","49","49","8.809248865141571","8.736424137224693","9.906742668333862"
"FilterMap","1","new-net10","49","49","49","9.140035697025931","9.025396315926033","9.861188560548474"
"FilterMap","1","old-net11","49","49","49","8.77199124213871","8.615692051029347","9.014604593392447"
"FilterMap","1","new-net11","49","49","49","8.349378011831764","8.033636572127511","8.658869101087864"
"FilterMap","4","old-framework","146","146","146","41.59653014979681","40.995861317131435","43.29032337211182"
"FilterMap","4","new-framework","146","146","146","41.225558265641155","40.94689719096864","43.37300152001742"
"FilterMap","4","old-net10","146","146","146","30.78323501747538","30.241630724766708","33.39959467110682"
"FilterMap","4","new-net10","146","146","146","30.401140958329464","30.32557928922919","31.529329819622824"
"FilterMap","4","old-net11","146","146","146","31.63456789064088","30.963129646950616","32.46272458148098"
"FilterMap","4","new-net11","146","146","146","33.26958612047974","30.718297410582306","35.93535622002557"
"FilterMap","16","old-framework","684","684","684","183.59309909346305","179.9793402049608","195.69594127768562"
"FilterMap","16","new-framework","684","684","684","177.84415507627702","176.42947514772334","178.13713121291244"
"FilterMap","16","old-net10","682","682","682","125.35990248481578","122.21385439955034","245.26711604087086"
"FilterMap","16","new-net10","682","682","682","126.14336786093826","119.83445980411545","132.50092018886846"
"FilterMap","16","old-net11","682","682","682","128.01523589967726","124.95306606407932","134.1431230707604"
"FilterMap","16","new-net11","682","682","682","132.53221386306538","128.2733155043252","149.98039799457283"
"FilterMap","64","old-framework","2787","2787","2787","780.2616394415854","774.756113775436","797.5117127454921"
"FilterMap","64","new-framework","2787","2787","2787","747.5049361454937","740.5273831211938","749.7774704965086"
"FilterMap","64","old-net10","2779","2779","2779","526.5550309516315","513.1837687757321","558.262215382463"
"FilterMap","64","new-net10","2779","2779","2779","535.5130483272923","525.0961016236366","540.3953875764926"
"FilterMap","64","old-net11","2779","2779","2779","560.0856340807488","557.9065482429526","610.2242760081008"
"FilterMap","64","new-net11","2779","2779","2779","550.6060519698607","543.7878299169159","551.1357349234646"
"FilterMap","1024","old-framework","44358","44357","44364","11766.782056829656","11672.123357868255","12916.956235912847"
"FilterMap","1024","new-framework","44359","44351","44364","11551.872632907842","11491.418563922942","11815.257040474113"
"FilterMap","1024","old-net10","44228","44227","44230","8436.834677419354","8170.2955856615035","8968.16944238181"
"FilterMap","1024","new-net10","44223","44222","44233","8121.377634734318","8102.94223531337","8309.986768111148"
"FilterMap","1024","old-net11","44230","44229","44236","8871.208156329652","8715.902130149007","9022.609272010899"
"FilterMap","1024","new-net11","44227","44222","44229","8594.40964183576","8577.467192596527","8727.300800868737"
"Escaping","0","old-framework","24","24","24","8.442943931736473","8.441194793793098","8.968934827719895"
"Escaping","0","new-framework","24","24","24","8.08630853629609","7.9728360540225","8.343766856295682"
"Escaping","0","old-net10","24","24","24","7.303763026453721","7.040374643113173","7.81102843095734"
"Escaping","0","new-net10","24","24","24","7.642526419949815","7.375708257768729","7.876554481610425"
"Escaping","0","old-net11","24","24","24","7.683747808229145","7.615905726485062","7.717306668871608"
"Escaping","0","new-net11","24","24","24","7.695008209956704","7.552887551827261","7.715472795627261"
"Escaping","1","old-framework","24","24","24","8.471727126055967","8.453904174324725","8.790792649187983"
"Escaping","1","new-framework","24","24","24","8.059055643836441","7.99808881349252","8.446723645885843"
"Escaping","1","old-net10","24","24","24","7.178067851916786","6.914916332459024","7.636773781322574"
"Escaping","1","new-net10","24","24","24","7.829623736366762","7.460132694462356","8.153935089864992"
"Escaping","1","old-net11","24","24","24","7.6232953736191","7.578434064002352","8.265568174904049"
"Escaping","1","new-net11","24","24","24","7.478541988078824","7.322779744200559","8.2191362624859"
"Escaping","4","old-framework","24","24","24","8.390710730488665","8.388433841309524","8.613444978034773"
"Escaping","4","new-framework","24","24","24","8.209325688342236","8.009746732340965","8.274399236203287"
"Escaping","4","old-net10","24","24","24","7.216054775040226","6.826817820326389","7.750136372309224"
"Escaping","4","new-net10","24","24","24","7.4001918131286","7.193480079468111","7.671743162932755"
"Escaping","4","old-net11","24","24","24","7.651623826869537","7.502553487578939","7.720115762016142"
"Escaping","4","new-net11","24","24","24","7.502024859888079","7.352882977569658","8.040484158873753"
"Escaping","16","old-framework","24","24","24","8.566824003495437","8.355574967322916","8.89659184529519"
"Escaping","16","new-framework","24","24","24","8.068808121495987","8.013431367936347","8.070509107878705"
"Escaping","16","old-net10","24","24","24","7.2818164621736745","6.791382297962915","7.570753857626713"
"Escaping","16","new-net10","24","24","24","7.549041777353335","7.293430708707679","7.724751020630201"
"Escaping","16","old-net11","24","24","24","7.498689944249062","7.42219454207877","8.005155357926096"
"Escaping","16","new-net11","24","24","24","7.335239839559368","7.282051095412443","7.993963808364627"
"Escaping","64","old-framework","24","24","24","8.46179399352294","8.415379976084663","8.805970800361072"
"Escaping","64","new-framework","24","24","24","8.028464137883129","8.007421557324214","8.044789165851737"
"Escaping","64","old-net10","24","24","24","7.176519572860285","6.9263148107022525","7.514204639869283"
"Escaping","64","new-net10","24","24","24","7.5488458110869","7.14391859724288","7.632803627705744"
"Escaping","64","old-net11","24","24","24","7.569869478901582","7.50445478539137","7.751786081635817"
"Escaping","64","new-net11","24","24","24","7.708503002553323","7.251703809488981","7.980140459346137"
"Escaping","1024","old-framework","24","24","24","8.374948436300093","6.943775874057124","8.609372472677274"
"Escaping","1024","new-framework","24","24","24","8.068436705678558","7.983869396692713","14.107560005698176"
"Escaping","1024","old-net10","24","24","24","7.189169133131669","7.073830113956322","8.005806102908368"
"Escaping","1024","new-net10","24","24","24","7.406185786100258","7.386316061157637","7.733977011804638"
"Escaping","1024","old-net11","24","24","24","7.584989330740736","7.492937464466596","8.080290606730372"
"Escaping","1024","new-net11","24","24","24","7.6408737515129195","7.5276568461558995","7.886665952094133"
"NonCapturing","0","old-framework","0","0","0","2.1913791344438587","2.174632724493731","2.195126842578637"
"NonCapturing","0","new-framework","0","0","0","1.4959350779000935","1.0638118909017868","1.4980168296855232"
"NonCapturing","0","old-net10","0","0","0","2.701295908454329","2.6990158605415453","2.88802669306694"
"NonCapturing","0","new-net10","0","0","0","1.1850191720230678","1.182737596498942","1.1852807360996036"
"NonCapturing","0","old-net11","0","0","0","2.383119220500637","2.380710811047288","2.6865681301422777"
"NonCapturing","0","new-net11","0","0","0","0.8780171713545424","0.8718646152508801","0.9436581287846186"
"NonCapturing","1","old-framework","0","0","0","6.597398370887161","6.590705478465571","6.66374845387723"
"NonCapturing","1","new-framework","0","0","0","1.617996669181164","1.6172356890547235","1.623327821402497"
"NonCapturing","1","old-net10","0","0","0","5.979009508021536","5.971555388186712","6.2835561692656565"
"NonCapturing","1","new-net10","0","0","0","1.7080092163522835","1.6992493445947998","1.7096391497024945"
"NonCapturing","1","old-net11","0","0","0","5.9662299731598925","5.961373974822962","5.981350390643478"
"NonCapturing","1","new-net11","0","0","0","1.574785165892629","1.4126317919508786","1.8856362710342351"
"NonCapturing","4","old-framework","0","0","0","11.297848203077756","11.297550364405987","11.4399457129898"
"NonCapturing","4","new-framework","0","0","0","2.9481721920358854","2.940830234644479","2.952638893277909"
"NonCapturing","4","old-net10","0","0","0","8.823644749489821","8.511129027703605","9.231350342130359"
"NonCapturing","4","new-net10","0","0","0","3.2114246643288724","3.203402977082992","3.218536584074038"
"NonCapturing","4","old-net11","0","0","0","8.80275909406456","8.796493623408864","8.815503513066554"
"NonCapturing","4","new-net11","0","0","0","3.5120496344939385","3.4894859035916874","3.7858236285446147"
"NonCapturing","16","old-framework","0","0","0","30.158676527973327","30.130998217117362","31.294321829515855"
"NonCapturing","16","new-framework","0","0","0","12.3346743099531","12.296977902031388","12.343385325816309"
"NonCapturing","16","old-net10","0","0","0","20.121180821007293","19.810207768186878","20.415145523316724"
"NonCapturing","16","new-net10","0","0","0","11.810830710323042","11.806462579524888","11.819823177106379"
"NonCapturing","16","old-net11","0","0","0","20.21782095543618","20.13733175710347","20.22003080670829"
"NonCapturing","16","new-net11","0","0","0","12.574701082820646","12.109281396784516","12.896651438625156"
"NonCapturing","64","old-framework","0","0","0","106.62275167373119","106.4963324568681","107.69198374520258"
"NonCapturing","64","new-framework","0","0","0","67.80249334601687","67.74685745380378","67.95165880328612"
"NonCapturing","64","old-net10","0","0","0","72.65507761348104","72.61262375830796","75.82238903211125"
"NonCapturing","64","new-net10","0","0","0","65.2183852024697","65.19180470206203","65.3152915130186"
"NonCapturing","64","old-net11","0","0","0","72.46918530937849","72.43444171971369","72.59519912159158"
"NonCapturing","64","new-net11","0","0","0","91.68898218074109","65.50819910114039","91.8626153605623"
"NonCapturing","1024","old-framework","0","0","0","1633.0484888871465","1632.9710026373136","1640.372336585974"
"NonCapturing","1024","new-framework","0","0","0","1332.5319982493036","1327.4085830235506","1339.5387203035075"
"NonCapturing","1024","old-net10","0","0","0","1349.4626968940204","1344.6987575297148","1367.430347309307"
"NonCapturing","1024","new-net10","0","0","0","1326.1440059449562","1325.5395396989725","1330.7327171038278"
"NonCapturing","1024","old-net11","0","0","0","1346.6252653141814","1345.0373613102877","1348.122959004669"
"NonCapturing","1024","new-net11","0","0","0","1328.785162090119","1327.762836185819","1330.357894064209"
