"Workload","Compiler","Allocated GiB","Peak RAM MiB","Peak private commit MiB","G0 / G1 / G2","CPU s","Wall s"
"FSharp.Core","10.0.100","7.569","659.6","765.3","85 / 28 / 8.5","33.53","25.49"
"FSharp.Core","11 RC1","7.510","764.1","798.5","105.5 / 27 / 7","34.10","20.73"
"FSharp.Core","Local RC2 R2R","5.584","770.6","803.1","51 / 17 / 7","32.02","19.88"
"FSharp.Compiler.Service","10.0.100","35.203","2326.9","2415.1","125.5 / 53 / 13","128.17","76.96"
"FSharp.Compiler.Service","11 RC1","32.546","2972.8","3078.5","113.5 / 49.5 / 13","244.95","41.12"
"FSharp.Compiler.Service","Local RC2 R2R","27.288","3111.0","3223.6","91 / 42 / 12","232.09","39.65"
"FsToolkit.ErrorHandling","10.0.100","2.214","526.1","599.8","36 / 13 / 8","13.05","9.09"
"FsToolkit.ErrorHandling","11 RC1","1.955","549.0","601.1","37 / 17 / 10","13.84","6.73"
"FsToolkit.ErrorHandling","Local RC2 R2R","1.720","559.7","600.7","27 / 11 / 6","12.62","6.44"
"Oxpecker","10.0.100","1.145","392.5","351.0","29 / 12 / 6","6.77","5.97"
"Oxpecker","11 RC1","0.707","338.7","307.4","22.5 / 12 / 6","5.49","3.73"
"Oxpecker","Local RC2 R2R","0.590","312.0","302.8","18 / 8 / 4","4.93","3.39"
"Nu","10.0.100","14.764","1329.6","1481.0","77 / 32.5 / 11","64.85","41.72"
"Nu","11 RC1","13.850","1372.5","1535.8","81 / 34.5 / 13","64.50","33.84"
"Nu","Local RC2 R2R","11.433","1332.7","1495.6","64 / 27 / 10","62.34","33.83"
"FsAutoComplete","10.0.100","5.828","1028.4","1177.9","46 / 23 / 10.5","41.11","17.12"
"FsAutoComplete","11 RC1","5.287","1025.1","1135.4","49.5 / 25 / 12","38.11","12.93"
"FsAutoComplete","Local RC2 R2R","4.544","941.6","1106.5","45 / 21 / 11","35.97","12.50"
