"Kernel","Length","Compiler","Launches","B/op","B/op min","B/op max","Median ns/op","Launch median min ns/op","Launch median max ns/op"
"Cart","0","sdk10","3","24","24","24","5.362009391776517","4.970876989043042","5.530578141712962"
"Cart","0","sdk11rc1","3","24","24","24","5.490516237212348","5.460318059764351","5.873221143800872"
"Cart","0","vmr-rc2-r2r","3","0","0","0","1.0787243554851755","1.063295704409794","1.0839546188627918"
"Cart","1","sdk10","3","24","24","24","8.669154112147286","8.623450105973069","8.97570269144521"
"Cart","1","sdk11rc1","3","24","24","24","8.15247755457248","7.999075891545406","8.53034831695172"
"Cart","1","vmr-rc2-r2r","3","0","0","0","1.84994083302927","1.83643389120188","1.894786180657938"
"Cart","4","sdk10","3","24","24","24","13.228270313053496","12.703811135663866","13.238453500826706"
"Cart","4","sdk11rc1","3","24","24","24","13.160610586313979","13.005418510174993","13.591146316873344"
"Cart","4","vmr-rc2-r2r","3","0","0","0","7.096296812994812","7.067662205939963","7.222929513312363"
"Cart","16","sdk10","3","24","24","24","32.03604244247671","31.79423155809394","32.61163130324858"
"Cart","16","sdk11rc1","3","24","24","24","33.761299162014346","32.84830580674591","35.05712459823473"
"Cart","16","vmr-rc2-r2r","3","0","0","0","27.435693062330085","27.366548084390597","27.448952577428035"
"Cart","64","sdk10","3","24","24","24","114.35086444805013","114.06669204111405","116.54893788455557"
"Cart","64","sdk11rc1","3","24","24","24","114.73514811685773","113.34013260889583","115.17334045658934"
"Cart","64","vmr-rc2-r2r","3","0","0","0","108.48621976876741","108.17185924840435","108.49199768662747"
"Cart","1024","sdk10","3","24","24","24","1643.006727502831","1641.0485773813825","1662.2730276199284"
"Cart","1024","sdk11rc1","3","24","24","24","1647.1565216817285","1646.0041530703056","1686.1210023079461"
"Cart","1024","vmr-rc2-r2r","3","0","0","0","1638.5235955793132","1634.973969104314","1647.0624315732546"
"Rules","0","sdk10","3","48","48","48","8.294852086324605","7.299820622421684","8.447035888457638"
"Rules","0","sdk11rc1","3","48","48","48","7.168657985566657","6.866031010338539","8.27004246217831"
"Rules","0","vmr-rc2-r2r","3","0","0","0","1.001639978855627","0.9907973079087873","1.1703410756078183"
"Rules","1","sdk10","3","48","48","48","9.281897160528077","8.85449709054422","9.389911009079437"
"Rules","1","sdk11rc1","3","48","48","48","9.080502568359323","9.023563083706463","9.818499004039992"
"Rules","1","vmr-rc2-r2r","3","0","0","0","2.924875788148202","2.9079194087085964","3.217973619043338"
"Rules","4","sdk10","3","48","48","48","14.076217851600127","13.664621334900945","14.817097303358544"
"Rules","4","sdk11rc1","3","48","48","48","14.857161797533044","14.793663370259043","15.136674136903725"
"Rules","4","vmr-rc2-r2r","3","0","0","0","7.282672076516396","7.228836730248871","7.331823499047428"
"Rules","16","sdk10","3","48","48","48","28.610448453522856","28.09235768128812","28.67760119573351"
"Rules","16","sdk11rc1","3","48","48","48","28.99847251040826","28.434897628184192","29.46759688129352"
"Rules","16","vmr-rc2-r2r","3","0","0","0","18.723523028127907","18.274234838624217","18.80074487586578"
"Rules","64","sdk10","3","48","48","48","102.41435490586944","101.86725382201956","106.00307719420705"
"Rules","64","sdk11rc1","3","48","48","48","103.15498839615344","100.53511012064368","103.92528576816179"
"Rules","64","vmr-rc2-r2r","3","0","0","0","94.11639165041667","94.09912691827766","94.18689810761666"
"Rules","1024","sdk10","3","48","48","48","1201.0521042084167","1201.026971203497","1203.3779151175704"
"Rules","1024","sdk11rc1","3","48","48","48","1216.9684448515798","1203.9202774802936","1219.3707946366662"
"Rules","1024","vmr-rc2-r2r","3","0","0","0","1213.0027031231768","1202.8298105572217","1226.821799766417"
"Telemetry","0","sdk10","3","48","48","48","8.11383635581149","7.28631099380305","8.251661239928882"
"Telemetry","0","sdk11rc1","3","48","48","48","7.38145814042005","7.245895172416626","7.996131001530118"
"Telemetry","0","vmr-rc2-r2r","3","0","0","0","2.201374113967306","2.1940039812689687","2.229736596192085"
"Telemetry","1","sdk10","3","48","48","48","9.963517481286368","9.188752343519875","11.354304715002543"
"Telemetry","1","sdk11rc1","3","48","48","48","9.47504790533549","9.125441735853261","9.577609911983117"
"Telemetry","1","vmr-rc2-r2r","3","0","0","0","4.541111988184706","4.518087851979302","4.645491820034068"
"Telemetry","4","sdk10","3","48","48","48","13.88267455245999","13.698334648694336","14.355651985913966"
"Telemetry","4","sdk11rc1","3","48","48","48","15.35333875380022","14.431800303144984","15.888977487974255"
"Telemetry","4","vmr-rc2-r2r","3","0","0","0","10.853542413847173","10.31993118792163","10.899303446147734"
"Telemetry","16","sdk10","3","48","48","48","31.992081806953546","31.969768004846056","33.689495711269075"
"Telemetry","16","sdk11rc1","3","48","48","48","32.55101464235206","32.044965815206524","33.63659987514258"
"Telemetry","16","vmr-rc2-r2r","3","0","0","0","29.442470252819096","29.238028643961353","29.59036428185777"
"Telemetry","64","sdk10","3","48","48","48","84.1482599713968","83.76240418118466","94.22698902250964"
"Telemetry","64","sdk11rc1","3","48","48","48","96.27449526064785","86.4452538475566","98.00693102766674"
"Telemetry","64","vmr-rc2-r2r","3","0","0","0","117.95734203416902","117.34144760938777","122.23982131647713"
"Telemetry","1024","sdk10","3","48","48","48","1163.8656753246148","1134.7582276987848","1305.8582920986285"
"Telemetry","1024","sdk11rc1","3","48","48","48","1312.3700132350161","1152.9958558633311","1329.8546635434411"
"Telemetry","1024","vmr-rc2-r2r","3","0","0","0","1733.695116961295","1732.4023470010543","1738.5385176691336"
"Option","0","sdk10","3","0","0","0","1.0384993827101572","1.0222522868279411","1.2494647177281728"
"Option","0","sdk11rc1","3","0","0","0","0.9533979975344925","0.712376764193122","1.255057327816583"
"Option","0","vmr-rc2-r2r","3","0","0","0","0.9472737167711786","0.7437345549356494","0.9893049556153679"
"Option","1","sdk10","3","0","0","0","2.206272412290239","1.9071647710831374","2.5252998991410487"
"Option","1","sdk11rc1","3","0","0","0","2.180250438415232","1.888986262715414","2.5303166506355264"
"Option","1","vmr-rc2-r2r","3","0","0","0","1.893153148128228","1.8913461827063618","1.8937076557089112"
"Option","4","sdk10","3","0","0","0","2.234909556010224","1.8877379388271929","2.523336390164149"
"Option","4","sdk11rc1","3","0","0","0","2.2019848645812705","1.8944206361055393","2.4781668849706335"
"Option","4","vmr-rc2-r2r","3","0","0","0","1.8988980971430844","1.8964901351288015","1.8998074240175824"
"Option","16","sdk10","3","0","0","0","2.204815854969038","1.8995115465240202","2.5151569595165446"
"Option","16","sdk11rc1","3","0","0","0","2.203594227411789","1.8933824675641209","2.513267339290283"
"Option","16","vmr-rc2-r2r","3","0","0","0","1.8867817793005395","1.8857987913704468","1.897775739978475"
"Option","64","sdk10","3","0","0","0","2.211694134035951","1.884744480379983","2.51133946352494"
"Option","64","sdk11rc1","3","0","0","0","2.186647041083144","1.8915872534429885","2.512773644947082"
"Option","64","vmr-rc2-r2r","3","0","0","0","1.9033838756866464","1.884924870295851","1.9047773472453764"
"Option","1024","sdk10","3","0","0","0","2.2137830046843887","1.887391348924924","2.5143455797022027"
"Option","1024","sdk11rc1","3","0","0","0","2.211906609397988","1.8935275948733419","2.5693335730866353"
"Option","1024","vmr-rc2-r2r","3","0","0","0","1.8910151364068342","1.8867542674493176","1.901761526216736"
"Nested","0","sdk10","3","24","24","24","5.6150591849530915","5.483423448103315","5.644620751819514"
"Nested","0","sdk11rc1","3","24","24","24","5.365876694763616","5.093651391346065","5.4923679136227275"
"Nested","0","vmr-rc2-r2r","3","0","0","0","0.80073064183519","0.7983328882560161","0.8017663249380572"
"Nested","1","sdk10","3","48","48","48","19.295901781463723","18.90892955357525","20.430974614780805"
"Nested","1","sdk11rc1","3","48","48","48","20.702180088047303","20.28970626146353","21.547185444363656"
"Nested","1","vmr-rc2-r2r","3","0","0","0","2.2053904512455866","2.18858351385926","2.2162208671323365"
"Nested","4","sdk10","3","48","48","48","27.301758424467995","26.931094689361665","28.07434768208773"
"Nested","4","sdk11rc1","3","48","48","48","28.100418628232752","27.21485354759172","28.746602803278336"
"Nested","4","vmr-rc2-r2r","3","0","0","0","4.1064398043961265","4.104546520313268","4.127774972728315"
"Nested","16","sdk10","3","120","120","120","86.73560537207008","85.85803958693303","87.64094091565994"
"Nested","16","sdk11rc1","3","120","120","120","88.62621085805928","82.00188074162253","90.31176441563944"
"Nested","16","vmr-rc2-r2r","3","0","0","0","13.713999800859426","13.71290620807087","13.929430986245414"
"Nested","64","sdk10","3","408","408","408","332.2404414694084","323.34719272453583","341.0978391184831"
"Nested","64","sdk11rc1","3","408","408","408","318.5958407532337","312.8915766029599","336.3944565496894"
"Nested","64","vmr-rc2-r2r","3","0","0","0","37.14368636116497","37.07314360358426","37.262329984752206"
"Nested","1024","sdk10","3","6168","6168","6168","4987.763929763574","4952.776564051638","5170.976568834117"
"Nested","1024","sdk11rc1","3","6168","6168","6168","4882.3564041680565","4778.026144530587","5312.591762042776"
"Nested","1024","vmr-rc2-r2r","3","0","0","0","667.0576742919827","658.2465252627946","677.2914970969667"
"FilterMap","0","sdk10","3","48","48","48","8.289073755317544","7.853464134983311","10.604256682301092"
"FilterMap","0","sdk11rc1","3","48","48","48","8.006046667987613","7.4096915789351785","8.300476037632915"
"FilterMap","0","vmr-rc2-r2r","3","48","48","48","7.074424324620077","7.0222693037583985","7.368560767555276"
"FilterMap","1","sdk10","3","49","49","49","9.644496473910856","9.157795669879262","9.720828103061226"
"FilterMap","1","sdk11rc1","3","49","49","49","9.247926253688389","8.358189289132508","9.686395914698824"
"FilterMap","1","vmr-rc2-r2r","3","49","49","49","9.280237621363387","8.259974872623205","9.429983351555787"
"FilterMap","4","sdk10","3","146","146","146","31.976466808066053","31.527845150917084","32.2205819495283"
"FilterMap","4","sdk11rc1","3","146","146","146","34.29988565162173","34.00408617036386","39.86069882611944"
"FilterMap","4","vmr-rc2-r2r","3","146","146","146","31.335580612908448","30.354441136260814","32.202397404092196"
"FilterMap","16","sdk10","3","682","682","682","123.17910976054996","122.500128482316","126.1293930586037"
"FilterMap","16","sdk11rc1","3","682","682","682","144.87718715594661","139.8440970114718","154.05496630833562"
"FilterMap","16","vmr-rc2-r2r","3","682","682","682","127.79723535390477","124.72496667947595","133.78441389990357"
"FilterMap","64","sdk10","3","2779","2779","2779","549.3844995385222","531.433318141053","576.156349759278"
"FilterMap","64","sdk11rc1","3","2779","2779","2779","563.0270486206272","558.8078036423718","645.4030496480158"
"FilterMap","64","vmr-rc2-r2r","3","2779","2779","2779","564.3702166679058","558.0877354145904","574.5901787204107"
"FilterMap","1024","sdk10","3","44226","44221","44227","8292.030209679022","8135.090838559514","8365.111685699922"
"FilterMap","1024","sdk11rc1","3","44225","44223","44231","8711.412452419792","8593.424052694438","9472.115474739901"
"FilterMap","1024","vmr-rc2-r2r","3","44227","44219","44228","8733.324495284269","8645.865695236786","8931.531877729258"
"Escaping","0","sdk10","3","24","24","24","7.015158482276954","6.921613266176008","7.597022001236409"
"Escaping","0","sdk11rc1","3","24","24","24","7.6793420540517","7.6289740376775175","8.044027377832661"
"Escaping","0","vmr-rc2-r2r","3","24","24","24","7.437153981283443","7.401234141998884","7.707943133161864"
"Escaping","1","sdk10","3","24","24","24","7.670413910919836","6.93444481270417","7.797738711171303"
"Escaping","1","sdk11rc1","3","24","24","24","7.826888716196679","7.2866229806459035","8.13359731998368"
"Escaping","1","vmr-rc2-r2r","3","24","24","24","7.659869217334061","7.51378339272741","7.731875551030938"
"Escaping","4","sdk10","3","24","24","24","7.782228406202496","6.937813375581161","8.24278976548215"
"Escaping","4","sdk11rc1","3","24","24","24","7.837427863143849","7.318808466026299","8.025347331614887"
"Escaping","4","vmr-rc2-r2r","3","24","24","24","7.4414794028908995","7.3532501798774375","7.776061749524563"
"Escaping","16","sdk10","3","24","24","24","7.274287199004512","7.19555582071628","7.995020505363472"
"Escaping","16","sdk11rc1","3","24","24","24","8.153765698379932","7.761134132149286","8.381239141481368"
"Escaping","16","vmr-rc2-r2r","3","24","24","24","7.250220953632072","7.175887855574886","7.2672042498517815"
"Escaping","64","sdk10","3","24","24","24","7.4702694266375","6.965826830164893","7.66721227398043"
"Escaping","64","sdk11rc1","3","24","24","24","8.12198053677406","7.7721531031245155","8.290358605001337"
"Escaping","64","vmr-rc2-r2r","3","24","24","24","7.242586808139805","7.144159609706386","7.264685314520129"
"Escaping","1024","sdk10","3","24","24","24","7.017525009137612","6.889424629942985","7.2807280765590345"
"Escaping","1024","sdk11rc1","3","24","24","24","7.8241245756459135","7.333113233637741","8.824790141826721"
"Escaping","1024","vmr-rc2-r2r","3","24","24","24","7.293448783218441","7.15388185131297","7.571741319449496"
"NonCapturing","0","sdk10","3","0","0","0","2.701847184625879","2.701364626387152","2.717783189654553"
"NonCapturing","0","sdk11rc1","3","0","0","0","2.3880449098091523","2.3851015339256074","2.570476991084521"
"NonCapturing","0","vmr-rc2-r2r","3","0","0","0","0.8775081266952104","0.8633667973502058","0.8795810747118352"
"NonCapturing","1","sdk10","3","0","0","0","6.3103153479782375","5.974113554147368","6.605065278531219"
"NonCapturing","1","sdk11rc1","3","0","0","0","6.589956738049647","6.044913742248974","6.598009717206817"
"NonCapturing","1","vmr-rc2-r2r","3","0","0","0","1.3980941061361927","1.397402275150194","1.399725305661521"
"NonCapturing","4","sdk10","3","0","0","0","9.121539196226697","8.936346533598444","9.44340154499911"
"NonCapturing","4","sdk11rc1","3","0","0","0","8.645511757144998","8.609246124106953","9.419089868028534"
"NonCapturing","4","vmr-rc2-r2r","3","0","0","0","3.4824202659278356","3.4645725303303667","3.521003255455112"
"NonCapturing","16","sdk10","3","0","0","0","20.424077611749347","20.122733967761672","20.751196917254735"
"NonCapturing","16","sdk11rc1","3","0","0","0","20.163062575131107","17.21593081493485","20.825491358846858"
"NonCapturing","16","vmr-rc2-r2r","3","0","0","0","12.115367736559824","12.105835591438858","12.130424762121594"
"NonCapturing","64","sdk10","3","0","0","0","72.15760348367628","72.00634103961457","72.64473871581896"
"NonCapturing","64","sdk11rc1","3","0","0","0","72.99816179113921","72.92435723510447","74.22332459411288"
"NonCapturing","64","vmr-rc2-r2r","3","0","0","0","65.60982474852969","65.54779138864528","65.61058251199894"
"NonCapturing","1024","sdk10","3","0","0","0","1343.3439331084246","1343.0830421929588","1355.0156290559835"
"NonCapturing","1024","sdk11rc1","3","0","0","0","1342.7237550923758","1337.2761545711594","1346.5167072933968"
"NonCapturing","1024","vmr-rc2-r2r","3","0","0","0","1328.2516104988554","1326.4023693402225","1328.2776390585984"
